final_energy,mean_energy,max_energy,oscillation_count,oscillation_index,regression_count,c1_alerts,c2_rejections,final_energy_std,mean_energy_std,max_energy_std,oscillation_count_std,oscillation_index_std,regression_count_std,c1_alerts_std,c2_rejections_std,h_rate,lr,drift_freq,drift_label,ablation,n_seeds
778396.6286684999,65844.76781649138,778396.6286684999,20.4,0.033999999999999996,460.8,0.0,0.0,373941.74108526885,31626.725343703416,373941.74108526885,11.525623627379128,0.019209372712298545,21.811923344813042,0.0,0.0,0.0,0.01,0,stationary,none,10
19628544801.0927,1660271388.8714964,19628544801.0927,1.0,0.0016666666666666666,598.9,0.0,0.0,1079906907.3287537,91343325.52229355,1079906907.3287537,0.0,2.168404344971009e-19,0.30000000000000004,0.0,0.0,0.0,0.01,0,stationary,full,10
1.2741496564591067e+26,2.284146335359651e+24,1.2741496564591067e+26,1.0,0.0016666666666666666,585.8,0.0,0.0,5.77809056228256e+25,1.0358284300677087e+24,5.77809056228256e+25,0.0,2.168404344971009e-19,4.4,0.0,0.0,0.0,0.05,0,stationary,none,10
19628544801.0927,1660271388.8714964,19628544801.0927,1.0,0.0016666666666666666,598.9,0.0,0.0,1079906907.3287537,91343325.52229355,1079906907.3287537,0.0,2.168404344971009e-19,0.30000000000000004,0.0,0.0,0.0,0.05,0,stationary,full,10
2.0801375881175882e+50,1.9975924457319698e+48,2.0801375881175882e+50,1.0,0.0016666666666666666,594.9,0.0,0.0,8.607276671558509e+49,8.265718073480792e+47,8.607276671558509e+49,0.0,2.168404344971009e-19,1.7,0.0,0.0,0.0,0.1,0,stationary,none,10
19628544801.0927,1660271388.8714964,19628544801.0927,1.0,0.0016666666666666666,598.9,0.0,0.0,1079906907.3287537,91343325.52229355,1079906907.3287537,0.0,2.168404344971009e-19,0.30000000000000004,0.0,0.0,0.0,0.1,0,stationary,full,10
4.0468966378881086e+95,2.2073981661207865e+93,4.0468966378881086e+95,1.0,0.0016666666666666666,598.3,0.0,0.0,1.429445822104613e+95,7.796977211479705e+92,1.429445822104613e+95,0.0,2.168404344971009e-19,0.7810249675906654,0.0,0.0,0.0,0.2,0,stationary,none,10
19628544801.0927,1660271388.8714964,19628544801.0927,1.0,0.0016666666666666666,598.9,0.0,0.0,1079906907.3287537,91343325.52229355,1079906907.3287537,0.0,2.168404344971009e-19,0.30000000000000004,0.0,0.0,0.0,0.2,0,stationary,full,10
1.8586680387553278e+137,7.587316390088171e+134,1.8586680387553278e+137,1.0,0.0016666666666666666,598.7,0.0,0.0,5.81765997740907e+136,2.3748418748360695e+134,5.81765997740907e+136,0.0,2.168404344971009e-19,0.45825756949558405,0.0,0.0,0.0,0.3,0,stationary,none,10
19628544801.0927,1660271388.8714964,19628544801.0927,1.0,0.0016666666666666666,598.9,0.0,0.0,1079906907.3287537,91343325.52229355,1079906907.3287537,0.0,2.168404344971009e-19,0.30000000000000004,0.0,0.0,0.0,0.3,0,stationary,full,10
5.6331824057398745e+211,1.689954721721963e+209,5.6331824057398745e+211,1.0,0.0016666666666666666,598.9,0.0,0.0,inf,inf,inf,0.0,2.168404344971009e-19,0.30000000000000004,0.0,0.0,0.0,0.5,0,stationary,none,10
19628544801.0927,1660271388.8714964,19628544801.0927,1.0,0.0016666666666666666,598.9,0.0,0.0,1079906907.3287537,91343325.52229355,1079906907.3287537,0.0,2.168404344971009e-19,0.30000000000000004,0.0,0.0,0.0,0.5,0,stationary,full,10
7.822998227858789e+276,1.993691788228563e+274,7.822998227858789e+276,1.0,0.0016666666666666666,599.0,0.0,0.0,inf,inf,inf,0.0,2.168404344971009e-19,0.0,0.0,0.0,0.0,0.7,0,stationary,none,10
19628544801.0927,1660271388.8714964,19628544801.0927,1.0,0.0016666666666666666,598.9,0.0,0.0,1079906907.3287537,91343325.52229355,1079906907.3287537,0.0,2.168404344971009e-19,0.30000000000000004,0.0,0.0,0.0,0.7,0,stationary,full,10
inf,inf,inf,1.0,0.0016666666666666666,510.7,0.0,0.0,,,,0.0,2.168404344971009e-19,0.45825756949558405,0.0,0.0,0.0,1.0,0,stationary,none,10
19628544801.0927,1660271388.8714964,19628544801.0927,1.0,0.0016666666666666666,598.9,0.0,0.0,1079906907.3287537,91343325.52229355,1079906907.3287537,0.0,2.168404344971009e-19,0.30000000000000004,0.0,0.0,0.0,1.0,0,stationary,full,10
427655.6062543096,37953.20710172782,427655.6062543096,22.0,0.03666666666666667,439.5,0.0,0.0,207122.13368054258,18388.503519072798,207122.13368054258,11.392980294900891,0.018988300491501485,24.17540072056718,0.0,0.0,0.05,0.01,0,stationary,none,10
78315.45055135676,68926.88904418619,78315.45055135676,261.0,0.43499999999999994,74.8,149.0,568.9,68542.39584390358,60331.83128959588,68542.39584390358,16.76305461424021,0.027938424357067018,8.795453370918409,25.459772190654025,10.511422358558331,0.05,0.01,0,stationary,full,10
6.734853730455337e+24,1.2517954388515558e+23,6.734853730455337e+24,1.0,0.0016666666666666666,569.6,0.0,0.0,3.833775118317772e+24,6.909222042726106e+22,3.833775118317772e+24,0.0,2.168404344971009e-19,6.2960304954788775,0.0,0.0,0.05,0.05,0,stationary,none,10
78315.45055135676,68926.88904418619,78315.45055135676,261.0,0.43499999999999994,74.8,149.0,568.9,68542.39584390358,60331.83128959588,68542.39584390358,16.76305461424021,0.027938424357067018,8.795453370918409,25.459772190654025,10.511422358558331,0.05,0.05,0,stationary,full,10
7.69682741724881e+47,7.599166133596184e+45,7.69682741724881e+47,1.0,0.0016666666666666666,575.0,0.0,0.0,6.08790316288999e+47,5.896020590956598e+45,6.08790316288999e+47,0.0,2.168404344971009e-19,3.63318042491699,0.0,0.0,0.05,0.1,0,stationary,none,10
78315.45055135676,68926.88904418619,78315.45055135676,261.0,0.43499999999999994,74.8,149.0,568.9,68542.39584390358,60331.83128959588,68542.39584390358,16.76305461424021,0.027938424357067018,8.795453370918409,25.459772190654025,10.511422358558331,0.05,0.1,0,stationary,full,10
1.5226491652300032e+91,8.427259598065539e+88,1.5226491652300032e+91,1.0,0.0016666666666666666,573.7,0.0,0.0,1.8987974720218754e+91,1.0384323684847097e+89,1.8987974720218754e+91,0.0,2.168404344971009e-19,3.579106033634656,0.0,0.0,0.05,0.2,0,stationary,none,10
78315.45055135676,68926.88904418619,78315.45055135676,261.0,0.43499999999999994,74.8,149.0,568.9,68542.39584390358,60331.83128959588,68542.39584390358,16.76305461424021,0.027938424357067018,8.795453370918409,25.459772190654025,10.511422358558331,0.05,0.2,0,stationary,full,10
1.3079938335174378e+131,5.371450248962057e+128,1.3079938335174378e+131,1.0,0.0016666666666666666,572.7,0.0,0.0,2.090280575347184e+131,8.532412376193917e+128,2.090280575347184e+131,0.0,2.168404344971009e-19,3.6891733491393435,0.0,0.0,0.05,0.3,0,stationary,none,10
78315.45055135676,68926.88904418619,78315.45055135676,261.0,0.43499999999999994,74.8,149.0,568.9,68542.39584390358,60331.83128959588,68542.39584390358,16.76305461424021,0.027938424357067018,8.795453370918409,25.459772190654025,10.511422358558331,0.05,0.3,0,stationary,full,10
3.7343226574085457e+202,1.1213995158351305e+200,3.7343226574085457e+202,1.0,0.0016666666666666666,571.7,0.0,0.0,inf,inf,inf,0.0,2.168404344971009e-19,3.8742741255621036,0.0,0.0,0.05,0.5,0,stationary,none,10
78315.45055135676,68926.88904418619,78315.45055135676,261.0,0.43499999999999994,74.8,149.0,568.9,68542.39584390358,60331.83128959588,68542.39584390358,16.76305461424021,0.027938424357067018,8.795453370918409,25.459772190654025,10.511422358558331,0.05,0.5,0,stationary,full,10
1.1774898853156969e+265,3.0014336091085224e+262,1.1774898853156969e+265,1.0,0.0016666666666666666,571.4,0.0,0.0,inf,inf,inf,0.0,2.168404344971009e-19,3.7202150475476548,0.0,0.0,0.05,0.7,0,stationary,none,10
78315.45055135676,68926.88904418619,78315.45055135676,261.0,0.43499999999999994,74.8,149.0,568.9,68542.39584390358,60331.83128959588,68542.39584390358,16.76305461424021,0.027938424357067018,8.795453370918409,25.459772190654025,10.511422358558331,0.05,0.7,0,stationary,full,10
inf,inf,inf,1.0,0.0016666666666666666,512.3,0.0,0.0,,,,0.0,2.168404344971009e-19,1.0049875621120892,0.0,0.0,0.05,1.0,0,stationary,none,10
78315.45055135676,68926.88904418619,78315.45055135676,261.0,0.43499999999999994,74.8,149.0,568.9,68542.39584390358,60331.83128959588,68542.39584390358,16.76305461424021,0.027938424357067018,8.795453370918409,25.459772190654025,10.511422358558331,0.05,1.0,0,stationary,full,10
224639.7730711176,21099.149119492584,224639.88331175278,23.2,0.03866666666666667,413.8,0.0,0.0,111072.2645306,10288.820392631527,111072.29403246315,12.147427711248172,0.020245712852080287,25.93376177880872,0.0,0.0,0.1,0.01,0,stationary,none,10
58932.000969217755,53172.02940098016,58932.000969217755,257.1,0.4285,68.7,127.6,571.5,56322.07672988951,51615.09984014206,56322.07672988951,16.108693305169105,0.02684782217528185,7.912648102879339,30.196688560171626,9.276313923105448,0.1,0.01,0,stationary,full,10
2.814028612563823e+23,5.588704135995495e+21,2.814028612563823e+23,1.6,0.002666666666666667,554.2,0.0,0.0,1.7497883738450165e+23,3.6255427758682166e+21,1.7497883738450165e+23,1.8000000000000003,0.0030000000000000005,5.758472019555188,0.0,0.0,0.1,0.05,0,stationary,none,10
58932.000969217755,53172.02940098016,58932.000969217755,257.1,0.4285,68.7,127.6,571.5,56322.07672988951,51615.09984014206,56322.07672988951,16.108693305169105,0.02684782217528185,7.912648102879339,30.196688560171626,9.276313923105448,0.1,0.05,0,stationary,full,10
1.4586038142347143e+45,1.6015876405872577e+43,1.4586038142347143e+45,1.0,0.0016666666666666666,554.9,0.0,0.0,1.2683049359458075e+45,1.5129352129068102e+43,1.2683049359458075e+45,0.0,2.168404344971009e-19,3.144837038703278,0.0,0.0,0.1,0.1,0,stationary,none,10
58932.000969217755,53172.02940098016,58932.000969217755,257.1,0.4285,68.7,127.6,571.5,56322.07672988951,51615.09984014206,56322.07672988951,16.108693305169105,0.02684782217528185,7.912648102879339,30.196688560171626,9.276313923105448,0.1,0.1,0,stationary,full,10
8.648375837687838e+85,5.85300397845709e+83,8.648375837687838e+85,1.0,0.0016666666666666666,546.9,0.0,0.0,1.2434947864205104e+86,8.932217605335047e+83,1.2434947864205104e+86,0.0,2.168404344971009e-19,3.6999999999999997,0.0,0.0,0.1,0.2,0,stationary,none,10
58932.000969217755,53172.02940098016,58932.000969217755,257.1,0.4285,68.7,127.6,571.5,56322.07672988951,51615.09984014206,56322.07672988951,16.108693305169105,0.02684782217528185,7.912648102879339,30.196688560171626,9.276313923105448,0.1,0.2,0,stationary,full,10
3.778510663401999e+123,2.0097613755016222e+121,3.778510663401999e+123,1.0,0.0016666666666666666,542.6,0.0,0.0,6.880283675526206e+123,3.7196727772345015e+121,6.880283675526206e+123,0.0,2.168404344971009e-19,5.180733538795447,0.0,0.0,0.1,0.3,0,stationary,none,10
58932.000969217755,53172.02940098016,58932.000969217755,257.1,0.4285,68.7,127.6,571.5,56322.07672988951,51615.09984014206,56322.07672988951,16.108693305169105,0.02684782217528185,7.912648102879339,30.196688560171626,9.276313923105448,0.1,0.3,0,stationary,full,10
9.122499447442412e+190,3.588270667495864e+188,9.122499447442412e+190,1.0,0.0016666666666666666,539.7,0.0,0.0,inf,inf,inf,0.0,2.168404344971009e-19,6.181423784210237,0.0,0.0,0.1,0.5,0,stationary,none,10
58932.000969217755,53172.02940098016,58932.000969217755,257.1,0.4285,68.7,127.6,571.5,56322.07672988951,51615.09984014206,56322.07672988951,16.108693305169105,0.02684782217528185,7.912648102879339,30.196688560171626,9.276313923105448,0.1,0.5,0,stationary,full,10
7.7524061726548e+249,2.5204522769415655e+247,7.7524061726548e+249,1.0,0.0016666666666666666,538.2,0.0,0.0,inf,inf,inf,0.0,2.168404344971009e-19,5.4,0.0,0.0,0.1,0.7,0,stationary,none,10
58932.000969217755,53172.02940098016,58932.000969217755,257.1,0.4285,68.7,127.6,571.5,56322.07672988951,51615.09984014206,56322.07672988951,16.108693305169105,0.02684782217528185,7.912648102879339,30.196688560171626,9.276313923105448,0.1,0.7,0,stationary,full,10
inf,inf,inf,1.0,0.0016666666666666666,513.3,0.0,0.0,,,,0.0,2.168404344971009e-19,1.676305461424021,0.0,0.0,0.1,1.0,0,stationary,none,10
58932.000969217755,53172.02940098016,58932.000969217755,257.1,0.4285,68.7,127.6,571.5,56322.07672988951,51615.09984014206,56322.07672988951,16.108693305169105,0.02684782217528185,7.912648102879339,30.196688560171626,9.276313923105448,0.1,1.0,0,stationary,full,10
76234.51032348734,7832.2450167220695,76234.58636872095,33.6,0.05600000000000001,367.7,0.0,0.0,42401.039242470746,4291.658353993872,42400.94717215884,17.75499929597295,0.02959166549328825,27.19577173017894,0.0,0.0,0.2,0.01,0,stationary,none,10
19441.38862923599,17110.915680449918,19442.53516409008,265.8,0.44299999999999995,67.8,134.1,577.1,38603.9756160076,35777.88767034308,38603.634642172845,14.309437445266674,0.023849062408777787,6.6,31.274430450449454,7.244998274671982,0.2,0.01,0,stationary,full,10
1.7916470443978803e+21,3.9426830474231505e+19,1.7916470443983865e+21,1.6,0.0026666666666666666,521.5,0.0,0.0,1.5555624252291062e+21,3.3348934462178005e+19,1.5555624252286797e+21,1.2806248474865698,0.0021343747458109495,9.604686356149273,0.0,0.0,0.2,0.05,0,stationary,none,10
19441.38862923599,17110.915680449918,19442.53516409008,265.8,0.44299999999999995,67.8,134.1,577.1,38603.9756160076,35777.88767034308,38603.634642172845,14.309437445266674,0.023849062408777787,6.6,31.274430450449454,7.244998274671982,0.2,0.05,0,stationary,full,10
1.0221691626436633e+41,1.2332398767533338e+39,1.0221691626436633e+41,1.0,0.0016666666666666666,520.9,0.0,0.0,1.3745125619580806e+41,1.7118411376906132e+39,1.3745125619580806e+41,0.0,2.168404344971009e-19,8.154140052758475,0.0,0.0,0.2,0.1,0,stationary,none,10
19441.38862923599,17110.915680449918,19442.53516409008,265.8,0.44299999999999995,67.8,134.1,577.1,38603.9756160076,35777.88767034308,38603.634642172845,14.309437445266674,0.023849062408777787,6.6,31.274430450449454,7.244998274671982,0.2,0.1,0,stationary,full,10
1.5782060627169264e+78,1.104813001545801e+76,1.5782060627169264e+78,1.0,0.0016666666666666666,504.8,0.0,0.0,3.4198445187161767e+78,2.4691406279281737e+76,3.4198445187161767e+78,0.0,2.168404344971009e-19,8.170679286326198,0.0,0.0,0.2,0.2,0,stationary,none,10
19441.38862923599,17110.915680449918,19442.53516409008,265.8,0.44299999999999995,67.8,134.1,577.1,38603.9756160076,35777.88767034308,38603.634642172845,14.309437445266674,0.023849062408777787,6.6,31.274430450449454,7.244998274671982,0.2,0.2,0,stationary,full,10
3.115382974479199e+112,1.633158382560283e+110,3.115382974479199e+112,1.0,0.0016666666666666666,496.5,0.0,0.0,8.103935272929848e+112,4.318183108712009e+110,8.103935272929848e+112,0.0,2.168404344971009e-19,10.200490184299968,0.0,0.0,0.2,0.3,0,stationary,none,10
19441.38862923599,17110.915680449918,19442.53516409008,265.8,0.44299999999999995,67.8,134.1,577.1,38603.9756160076,35777.88767034308,38603.634642172845,14.309437445266674,0.023849062408777787,6.6,31.274430450449454,7.244998274671982,0.2,0.3,0,stationary,full,10
6.680959703268515e+173,2.5286668556895636e+171,6.680959703268515e+173,1.0,0.0016666666666666666,490.2,0.0,0.0,inf,inf,inf,0.0,2.168404344971009e-19,10.524257693538296,0.0,0.0,0.2,0.5,0,stationary,none,10
19441.38862923599,17110.915680449918,19442.53516409008,265.8,0.44299999999999995,67.8,134.1,577.1,38603.9756160076,35777.88767034308,38603.634642172845,14.309437445266674,0.023849062408777787,6.6,31.274430450449454,7.244998274671982,0.2,0.5,0,stationary,full,10
2.765266048541821e+227,8.678960023412048e+224,2.765266048541821e+227,1.0,0.0016666666666666666,487.7,0.0,0.0,inf,inf,inf,0.0,2.168404344971009e-19,10.440785411069418,0.0,0.0,0.2,0.7,0,stationary,none,10
19441.38862923599,17110.915680449918,19442.53516409008,265.8,0.44299999999999995,67.8,134.1,577.1,38603.9756160076,35777.88767034308,38603.634642172845,14.309437445266674,0.023849062408777787,6.6,31.274430450449454,7.244998274671982,0.2,0.7,0,stationary,full,10
1.0460273214947503e+297,2.7632626069235833e+294,1.0460273214947503e+297,1.0,0.0016666666666666666,486.5,0.0,0.0,inf,inf,inf,0.0,2.168404344971009e-19,10.781929326423912,0.0,0.0,0.2,1.0,0,stationary,none,10
19441.38862923599,17110.915680449918,19442.53516409008,265.8,0.44299999999999995,67.8,134.1,577.1,38603.9756160076,35777.88767034308,38603.634642172845,14.309437445266674,0.023849062408777787,6.6,31.274430450449454,7.244998274671982,0.2,1.0,0,stationary,full,10
27575.435941765405,3380.6942521019737,27578.387090189084,38.8,0.06466666666666666,330.9,0.0,0.0,12244.319547306795,1568.860309550274,12249.139826037677,14.654692081377895,0.024424486802296492,24.10995644956664,0.0,0.0,0.3,0.01,0,stationary,none,10
6167.423043688456,4998.554684521245,6167.423043688456,265.5,0.4425,61.2,132.8,580.7,7987.94833507985,6755.633192738664,7987.94833507985,6.037383539249433,0.01006230589874905,9.260669522232181,21.894291493446413,4.561797891182818,0.3,0.01,0,stationary,full,10
8.045821619356148e+18,2.2218012340825773e+17,8.045821619481352e+18,1.4,0.0023333333333333335,497.4,0.0,0.0,6.025927874929717e+18,1.7189381700325322e+17,6.025927875102818e+18,0.8,0.0013333333333333333,8.788629017087931,0.0,0.0,0.3,0.05,0,stationary,none,10
6167.423043688456,4998.554684521245,6167.423043688456,265.5,0.4425,61.2,132.8,580.7,7987.94833507985,6755.633192738664,7987.94833507985,6.037383539249433,0.01006230589874905,9.260669522232181,21.894291493446413,4.561797891182818,0.3,0.05,0,stationary,full,10
2.3366712142517022e+36,3.4933848315872297e+34,2.3366712142517022e+36,1.0,0.0016666666666666666,498.7,0.0,0.0,3.661410380169574e+36,5.423272228768315e+34,3.661410380169574e+36,0.0,2.168404344971009e-19,6.664082832618455,0.0,0.0,0.3,0.1,0,stationary,none,10
6167.423043688456,4998.554684521245,6167.423043688456,265.5,0.4425,61.2,132.8,580.7,7987.94833507985,6755.633192738664,7987.94833507985,6.037383539249433,0.01006230589874905,9.260669522232181,21.894291493446413,4.561797891182818,0.3,0.1,0,stationary,full,10
2.1666106460933635e+69,1.8144650239163192e+67,2.1666106460933635e+69,1.0,0.0016666666666666666,468.5,0.0,0.0,5.26483373685707e+69,4.3598808132536295e+67,5.26483373685707e+69,0.0,2.168404344971009e-19,6.053924347066125,0.0,0.0,0.3,0.2,0,stationary,none,10
6167.423043688456,4998.554684521245,6167.423043688456,265.5,0.4425,61.2,132.8,580.7,7987.94833507985,6755.633192738664,7987.94833507985,6.037383539249433,0.01006230589874905,9.260669522232181,21.894291493446413,4.561797891182818,0.3,0.2,0,stationary,full,10
5.217093621017674e+99,3.3249469335008492e+97,5.217093621017674e+99,1.0,0.0016666666666666666,455.5,0.0,0.0,1.3831758230518166e+100,8.759434761110762e+97,1.3831758230518166e+100,0.0,2.168404344971009e-19,6.053924347066125,0.0,0.0,0.3,0.3,0,stationary,none,10
6167.423043688456,4998.554684521245,6167.423043688456,265.5,0.4425,61.2,132.8,580.7,7987.94833507985,6755.633192738664,7987.94833507985,6.037383539249433,0.01006230589874905,9.260669522232181,21.894291493446413,4.561797891182818,0.3,0.3,0,stationary,full,10
9.494797135356259e+153,4.645962796123824e+151,9.494797135356259e+153,1.0,0.0016666666666666666,445.9,0.0,0.0,inf,1.2954797017485327e+152,inf,0.0,2.168404344971009e-19,5.629387178015028,0.0,0.0,0.3,0.5,0,stationary,none,10
6167.423043688456,4998.554684521245,6167.423043688456,265.5,0.4425,61.2,132.8,580.7,7987.94833507985,6755.633192738664,7987.94833507985,6.037383539249433,0.01006230589874905,9.260669522232181,21.894291493446413,4.561797891182818,0.3,0.5,0,stationary,full,10
2.456417717461729e+201,1.0596559163653031e+199,2.456417717461729e+201,1.0,0.0016666666666666666,441.0,0.0,0.0,inf,inf,inf,0.0,2.168404344971009e-19,5.310367218940701,0.0,0.0,0.3,0.7,0,stationary,none,10
6167.423043688456,4998.554684521245,6167.423043688456,265.5,0.4425,61.2,132.8,580.7,7987.94833507985,6755.633192738664,7987.94833507985,6.037383539249433,0.01006230589874905,9.260669522232181,21.894291493446413,4.561797891182818,0.3,0.7,0,stationary,full,10
8.337076677983375e+262,3.270762715308796e+260,8.337076677983375e+262,1.0,0.0016666666666666666,437.7,0.0,0.0,inf,inf,inf,0.0,2.168404344971009e-19,5.235456045083369,0.0,0.0,0.3,1.0,0,stationary,none,10
6167.423043688456,4998.554684521245,6167.423043688456,265.5,0.4425,61.2,132.8,580.7,7987.94833507985,6755.633192738664,7987.94833507985,6.037383539249433,0.01006230589874905,9.260669522232181,21.894291493446413,4.561797891182818,0.3,1.0,0,stationary,full,10
10716.117861350513,1409.091662211708,10716.725733642048,45.0,0.075,279.1,0.0,0.0,6834.883648933683,859.1663609143654,6834.404893404622,19.939909728983228,0.03323318288163871,40.227975340551254,0.0,0.0,0.4,0.01,0,stationary,none,10
1852.0219337066894,1326.3537404781584,1852.0219337066894,263.1,0.4385,63.1,132.4,581.7,1855.517109621013,1372.9440422485457,1855.517109621013,11.299999999999999,0.018833333333333334,8.371977066380438,36.557352201711765,5.119570294468081,0.4,0.01,0,stationary,full,10
9.76950973041057e+16,2519226974107275.0,9.769509730871018e+16,1.6,0.002666666666666667,469.5,0.0,0.0,1.358889647827644e+17,3377967434095750.0,1.3588896478045766e+17,1.2806248474865698,0.002134374745810949,16.169415573854238,0.0,0.0,0.4,0.05,0,stationary,none,10
1852.0219337066894,1326.3537404781584,1852.0219337066894,263.1,0.4385,63.1,132.4,581.7,1855.517109621013,1372.9440422485457,1855.517109621013,11.299999999999999,0.018833333333333334,8.371977066380438,36.557352201711765,5.119570294468081,0.4,0.05,0,stationary,full,10
5.779747909495015e+32,7.353282378446527e+30,5.779747909495015e+32,1.2,0.002,481.8,0.0,0.0,1.1486906552953272e+33,1.3853309438596644e+31,1.1486906552953272e+33,0.6000000000000001,0.0009999999999999998,11.53082824431966,0.0,0.0,0.4,0.1,0,stationary,none,10
1852.0219337066894,1326.3537404781584,1852.0219337066894,263.1,0.4385,63.1,132.4,581.7,1855.517109621013,1372.9440422485457,1855.517109621013,11.299999999999999,0.018833333333333334,8.371977066380438,36.557352201711765,5.119570294468081,0.4,0.1,0,stationary,full,10
3.1024247703116507e+62,2.063522094704309e+60,3.1024247703116507e+62,1.2,0.002,435.7,0.0,0.0,7.176661392538226e+62,4.4458849478934266e+60,7.176661392538226e+62,0.6000000000000001,0.0009999999999999998,9.022749026765624,0.0,0.0,0.4,0.2,0,stationary,none,10
1852.0219337066894,1326.3537404781584,1852.0219337066894,263.1,0.4385,63.1,132.4,581.7,1855.517109621013,1372.9440422485457,1855.517109621013,11.299999999999999,0.018833333333333334,8.371977066380438,36.557352201711765,5.119570294468081,0.4,0.2,0,stationary,full,10
7.034492153960771e+89,3.387510173965243e+87,7.034492153960771e+89,1.2,0.002,415.2,0.0,0.0,1.6732977309877452e+90,7.454309517132553e+87,1.6732977309877452e+90,0.6000000000000001,0.0009999999999999998,12.456323695216016,0.0,0.0,0.4,0.3,0,stationary,none,10
1852.0219337066894,1326.3537404781584,1852.0219337066894,263.1,0.4385,63.1,132.4,581.7,1855.517109621013,1372.9440422485457,1855.517109621013,11.299999999999999,0.018833333333333334,8.371977066380438,36.557352201711765,5.119570294468081,0.4,0.3,0,stationary,full,10
4.978863006477331e+138,1.7209618967222325e+136,4.978863006477331e+138,1.2,0.002,399.5,0.0,0.0,1.205554492686417e+139,3.816943502533313e+136,1.205554492686417e+139,0.6000000000000001,0.0009999999999999998,12.978828914813539,0.0,0.0,0.4,0.5,0,stationary,none,10
1852.0219337066894,1326.3537404781584,1852.0219337066894,263.1,0.4385,63.1,132.4,581.7,1855.517109621013,1372.9440422485457,1855.517109621013,11.299999999999999,0.018833333333333334,8.371977066380438,36.557352201711765,5.119570294468081,0.4,0.5,0,stationary,full,10
2.4222137374746662e+181,7.037512077498315e+178,2.4222137374746662e+181,1.0,0.0016666666666666666,391.3,0.0,0.0,inf,inf,inf,0.0,2.168404344971009e-19,14.04314779527724,0.0,0.0,0.4,0.7,0,stationary,none,10
1852.0219337066894,1326.3537404781584,1852.0219337066894,263.1,0.4385,63.1,132.4,581.7,1855.517109621013,1372.9440422485457,1855.517109621013,11.299999999999999,0.018833333333333334,8.371977066380438,36.557352201711765,5.119570294468081,0.4,0.7,0,stationary,full,10
6.172597275113139e+236,1.5388371949295591e+234,6.172597275113139e+236,1.0,0.0016666666666666666,386.7,0.0,0.0,inf,inf,inf,0.0,2.168404344971009e-19,14.642745644174797,0.0,0.0,0.4,1.0,0,stationary,none,10
1852.0219337066894,1326.3537404781584,1852.0219337066894,263.1,0.4385,63.1,132.4,581.7,1855.517109621013,1372.9440422485457,1855.517109621013,11.299999999999999,0.018833333333333334,8.371977066380438,36.557352201711765,5.119570294468081,0.4,1.0,0,stationary,full,10
2078.8791274353357,339.9212121288809,2079.1565558956613,77.4,0.129,202.3,0.0,0.0,872.6266832669335,135.19628867541317,872.3454167647049,21.81375712709757,0.03635626187849595,22.856290162666383,0.0,0.0,0.5,0.01,0,stationary,none,10
807.86332736902,579.362660924967,813.7125767050582,262.7,0.4378333333333334,58.9,125.8,581.9,1319.1490766214624,946.7316559454301,1320.3966004524248,12.337341690980274,0.020562236151633776,7.313685801290618,27.054759285567485,4.109744517606903,0.5,0.01,0,stationary,full,10
42432465554633.336,1395408557036.7927,42432465862824.21,3.8,0.006333333333333334,422.0,0.0,0.0,44367314584479.516,1369575075989.5586,44367314594497.125,2.5612496949731396,0.004268749491621899,14.642404174178502,0.0,0.0,0.5,0.05,0,stationary,none,10
807.86332736902,579.362660924967,813.7125767050582,262.7,0.4378333333333334,58.9,125.8,581.9,1319.1490766214624,946.7316559454301,1320.3966004524248,12.337341690980274,0.020562236151633776,7.313685801290618,27.054759285567485,4.109744517606903,0.5,0.05,0,stationary,full,10
1.4091400949661022e+26,2.3329800074972363e+24,1.4091400949661114e+26,2.2,0.003666666666666666,442.5,0.0,0.0,2.3696751110254846e+26,3.6163444965854346e+24,2.3696751110254846e+26,1.6,0.002666666666666667,13.807606599262597,0.0,0.0,0.5,0.1,0,stationary,none,10
807.86332736902,579.362660924967,813.7125767050582,262.7,0.4378333333333334,58.9,125.8,581.9,1319.1490766214624,946.7316559454301,1320.3966004524248,12.337341690980274,0.020562236151633776,7.313685801290618,27.054759285567485,4.109744517606903,0.5,0.1,0,stationary,full,10
4.700619930539012e+49,4.087885086359988e+47,4.700619930539012e+49,1.0,0.0016666666666666666,399.3,0.0,0.0,1.0959055790167147e+50,9.23394264382948e+47,1.0959055790167147e+50,0.0,2.168404344971009e-19,12.116517651536682,0.0,0.0,0.5,0.2,0,stationary,none,10
807.86332736902,579.362660924967,813.7125767050582,262.7,0.4378333333333334,58.9,125.8,581.9,1319.1490766214624,946.7316559454301,1320.3966004524248,12.337341690980274,0.020562236151633776,7.313685801290618,27.054759285567485,4.109744517606903,0.5,0.2,0,stationary,full,10
2.1533102664949146e+71,1.4037066925430247e+69,2.1533102664949146e+71,1.2,0.002,370.4,0.0,0.0,5.348921651662785e+71,3.473738761476195e+69,5.348921651662785e+71,0.6000000000000001,0.0009999999999999998,11.577564510725042,0.0,0.0,0.5,0.3,0,stationary,none,10
807.86332736902,579.362660924967,813.7125767050582,262.7,0.4378333333333334,58.9,125.8,581.9,1319.1490766214624,946.7316559454301,1320.3966004524248,12.337341690980274,0.020562236151633776,7.313685801290618,27.054759285567485,4.109744517606903,0.5,0.3,0,stationary,full,10
1.0517260846500246e+110,5.180707994616922e+107,1.0517260846500246e+110,1.0,0.0016666666666666666,347.7,0.0,0.0,2.6024636562538864e+110,1.3056615615628722e+108,2.6024636562538864e+110,0.0,2.168404344971009e-19,9.539916142189092,0.0,0.0,0.5,0.5,0,stationary,none,10
807.86332736902,579.362660924967,813.7125767050582,262.7,0.4378333333333334,58.9,125.8,581.9,1319.1490766214624,946.7316559454301,1320.3966004524248,12.337341690980274,0.020562236151633776,7.313685801290618,27.054759285567485,4.109744517606903,0.5,0.5,0,stationary,full,10
6.589499655965546e+143,2.8042618230399234e+141,6.589499655965546e+143,1.2,0.002,334.7,0.0,0.0,1.6066079793580923e+144,7.074257946300179e+141,1.6066079793580923e+144,0.6000000000000001,0.0009999999999999998,9.747307320486001,0.0,0.0,0.5,0.7,0,stationary,none,10
807.86332736902,579.362660924967,813.7125767050582,262.7,0.4378333333333334,58.9,125.8,581.9,1319.1490766214624,946.7316559454301,1320.3966004524248,12.337341690980274,0.020562236151633776,7.313685801290618,27.054759285567485,4.109744517606903,0.5,0.7,0,stationary,full,10
4.634254958831862e+187,1.743773602623526e+185,4.634254958831862e+187,1.2,0.002,323.3,0.0,0.0,inf,inf,inf,0.6000000000000001,0.0009999999999999998,11.180787092150533,0.0,0.0,0.5,1.0,0,stationary,none,10
807.86332736902,579.362660924967,813.7125767050582,262.7,0.4378333333333334,58.9,125.8,581.9,1319.1490766214624,946.7316559454301,1320.3966004524248,12.337341690980274,0.020562236151633776,7.313685801290618,27.054759285567485,4.109744517606903,0.5,1.0,0,stationary,full,10
764.6684685126754,154.90878124945957,765.1970723414745,110.8,0.18466666666666665,153.2,0.0,0.0,432.87051990858237,90.9942099066171,432.5331266949395,33.376039309660456,0.055626732182767424,27.675982367388514,0.0,0.0,0.6,0.01,0,stationary,none,10
383.2973546235845,278.9463541613197,388.9501650909662,269.8,0.4496666666666666,57.0,102.3,585.2,439.3660589441233,337.60211613446535,436.64940950322404,4.935585071701226,0.008225975119502044,6.44980619863884,22.13616949700196,2.315167380558045,0.6,0.01,0,stationary,full,10
206404940548.05728,8126263248.028216,206404995912.2784,7.6,0.012666666666666665,394.4,0.0,0.0,138899831562.144,5589601822.401255,138899856730.10892,4.476605857119878,0.007461009761866463,14.954597955144097,0.0,0.0,0.6,0.05,0,stationary,none,10
383.2973546235845,278.9463541613197,388.9501650909662,269.8,0.4496666666666666,57.0,102.3,585.2,439.3660589441233,337.60211613446535,436.64940950322404,4.935585071701226,0.008225975119502044,6.44980619863884,22.13616949700196,2.315167380558045,0.6,0.05,0,stationary,full,10
2.981899583606002e+21,6.315470785996703e+19,2.9818995836171206e+21,5.6,0.009333333333333334,414.9,0.0,0.0,2.9070199789860825e+21,6.496148167055243e+19,2.90701997899288e+21,3.352610922848042,0.005587684871413403,14.480676779764128,0.0,0.0,0.6,0.1,0,stationary,none,10
383.2973546235845,278.9463541613197,388.9501650909662,269.8,0.4496666666666666,57.0,102.3,585.2,439.3660589441233,337.60211613446535,436.64940950322404,4.935585071701226,0.008225975119502044,6.44980619863884,22.13616949700196,2.315167380558045,0.6,0.1,0,stationary,full,10
3.774894789003956e+40,4.357787982186655e+38,3.774894789003956e+40,2.8,0.004666666666666666,388.3,0.0,0.0,5.053318738252882e+40,5.546810845445468e+38,5.053318738252882e+40,2.4413111231467406,0.004068851871911234,9.423905772024677,0.0,0.0,0.6,0.2,0,stationary,none,10
383.2973546235845,278.9463541613197,388.9501650909662,269.8,0.4496666666666666,57.0,102.3,585.2,439.3660589441233,337.60211613446535,436.64940950322404,4.935585071701226,0.008225975119502044,6.44980619863884,22.13616949700196,2.315167380558045,0.6,0.2,0,stationary,full,10
1.734381590189546e+58,1.3158078636052086e+56,1.734381590189546e+58,3.0,0.004999999999999999,344.2,0.0,0.0,2.904278441881423e+58,2.0402874472378065e+56,2.904278441881423e+58,1.2649110640673518,0.0021081851067789193,7.717512552629894,0.0,0.0,0.6,0.3,0,stationary,none,10
383.2973546235845,278.9463541613197,388.9501650909662,269.8,0.4496666666666666,57.0,102.3,585.2,439.3660589441233,337.60211613446535,436.64940950322404,4.935585071701226,0.008225975119502044,6.44980619863884,22.13616949700196,2.315167380558045,0.6,0.3,0,stationary,full,10
7.976799876830086e+89,3.50456217287811e+87,7.976799876830086e+89,2.8,0.004666666666666666,309.8,0.0,0.0,1.5436528842118708e+90,6.653706628027718e+87,1.5436528842118708e+90,2.08806130178211,0.00348010216963685,8.340263784797218,0.0,0.0,0.6,0.5,0,stationary,none,10
383.2973546235845,278.9463541613197,388.9501650909662,269.8,0.4496666666666666,57.0,102.3,585.2,439.3660589441233,337.60211613446535,436.64940950322404,4.935585071701226,0.008225975119502044,6.44980619863884,22.13616949700196,2.315167380558045,0.6,0.5,0,stationary,full,10
4.087704827514454e+117,1.327877230453937e+115,4.087704827514454e+117,2.2,0.003666666666666666,294.9,0.0,0.0,8.120139290204107e+117,2.6443589015731304e+115,8.120139290204107e+117,0.9797958971132713,0.001632993161855452,8.94930164873215,0.0,0.0,0.6,0.7,0,stationary,none,10
383.2973546235845,278.9463541613197,388.9501650909662,269.8,0.4496666666666666,57.0,102.3,585.2,439.3660589441233,337.60211613446535,436.64940950322404,4.935585071701226,0.008225975119502044,6.44980619863884,22.13616949700196,2.315167380558045,0.6,0.7,0,stationary,full,10
3.7634893291227576e+153,9.579208769493973e+150,3.7634893291227576e+153,1.8,0.003,283.3,0.0,0.0,inf,1.927498846568791e+151,inf,0.9797958971132713,0.001632993161855452,9.000555538409838,0.0,0.0,0.6,1.0,0,stationary,none,10
383.2973546235845,278.9463541613197,388.9501650909662,269.8,0.4496666666666666,57.0,102.3,585.2,439.3660589441233,337.60211613446535,436.64940950322404,4.935585071701226,0.008225975119502044,6.44980619863884,22.13616949700196,2.315167380558045,0.6,1.0,0,stationary,full,10
920356.5635922566,77849.98520017108,920356.5635922566,14.8,0.024666666666666663,470.7,0.0,0.0,463128.3363212063,39172.18599729792,463128.3363212063,8.459314393022641,0.0140988573217044,21.982038122066843,0.0,0.0,0.0,0.01,1,single_drift,none,10
20641087093.99046,1745916307.2461705,20641087093.99046,1.0,0.0016666666666666666,599.0,0.0,0.0,2188124956.5653286,185081522.80111593,2188124956.5653286,0.0,2.168404344971009e-19,0.0,0.0,0.0,0.0,0.01,1,single_drift,full,10
1.5606812295853976e+26,2.7978065945006597e+24,1.5606812295853976e+26,1.0,0.0016666666666666666,587.4,0.0,0.0,8.14582094360161e+25,1.4602874130602527e+24,8.14582094360161e+25,0.0,2.168404344971009e-19,4.152107898405339,0.0,0.0,0.0,0.05,1,single_drift,none,10
20641087093.99046,1745916307.2461705,20641087093.99046,1.0,0.0016666666666666666,599.0,0.0,0.0,2188124956.5653286,185081522.80111593,2188124956.5653286,0.0,2.168404344971009e-19,0.0,0.0,0.0,0.0,0.05,1,single_drift,full,10
2.5786117563483584e+50,2.476285893001201e+48,2.5786117563483584e+50,1.0,0.0016666666666666666,595.5,0.0,0.0,1.33475124528414e+50,1.281784926026833e+48,1.33475124528414e+50,0.0,2.168404344971009e-19,2.247220505424423,0.0,0.0,0.0,0.1,1,single_drift,none,10
20641087093.99046,1745916307.2461705,20641087093.99046,1.0,0.0016666666666666666,599.0,0.0,0.0,2188124956.5653286,185081522.80111593,2188124956.5653286,0.0,2.168404344971009e-19,0.0,0.0,0.0,0.0,0.1,1,single_drift,full,10
5.017833627841794e+95,2.737000160640978e+93,5.017833627841794e+95,1.0,0.0016666666666666666,598.4,0.0,0.0,2.5851186896568783e+95,1.4100647398128427e+93,2.5851186896568783e+95,0.0,2.168404344971009e-19,0.6633249580710799,0.0,0.0,0.0,0.2,1,single_drift,none,10
20641087093.99046,1745916307.2461705,20641087093.99046,1.0,0.0016666666666666666,599.0,0.0,0.0,2188124956.5653286,185081522.80111593,2188124956.5653286,0.0,2.168404344971009e-19,0.0,0.0,0.0,0.0,0.2,1,single_drift,full,10
2.289611222579055e+137,9.346480594585999e+134,2.289611222579055e+137,1.0,0.0016666666666666666,598.8,0.0,0.0,1.1728736283234985e+137,4.7878174682770834e+134,1.1728736283234985e+137,0.0,2.168404344971009e-19,0.4,0.0,0.0,0.0,0.3,1,single_drift,none,10
20641087093.99046,1745916307.2461705,20641087093.99046,1.0,0.0016666666666666666,599.0,0.0,0.0,2188124956.5653286,185081522.80111593,2188124956.5653286,0.0,2.168404344971009e-19,0.0,0.0,0.0,0.0,0.3,1,single_drift,full,10
6.862436369394258e+211,2.0587309108182772e+209,6.862436369394258e+211,1.0,0.0016666666666666666,599.0,0.0,0.0,inf,inf,inf,0.0,2.168404344971009e-19,0.0,0.0,0.0,0.0,0.5,1,single_drift,none,10
20641087093.99046,1745916307.2461705,20641087093.99046,1.0,0.0016666666666666666,599.0,0.0,0.0,2188124956.5653286,185081522.80111593,2188124956.5653286,0.0,2.168404344971009e-19,0.0,0.0,0.0,0.0,0.5,1,single_drift,full,10
9.458941137381706e+276,2.4106119829835212e+274,9.458941137381706e+276,1.0,0.0016666666666666666,599.0,0.0,0.0,inf,inf,inf,0.0,2.168404344971009e-19,0.0,0.0,0.0,0.0,0.7,1,single_drift,none,10
20641087093.99046,1745916307.2461705,20641087093.99046,1.0,0.0016666666666666666,599.0,0.0,0.0,2188124956.5653286,185081522.80111593,2188124956.5653286,0.0,2.168404344971009e-19,0.0,0.0,0.0,0.0,0.7,1,single_drift,full,10
inf,inf,inf,1.0,0.0016666666666666666,510.6,0.0,0.0,,,,0.0,2.168404344971009e-19,0.48989794855663565,0.0,0.0,0.0,1.0,1,single_drift,none,10
20641087093.99046,1745916307.2461705,20641087093.99046,1.0,0.0016666666666666666,599.0,0.0,0.0,2188124956.5653286,185081522.80111593,2188124956.5653286,0.0,2.168404344971009e-19,0.0,0.0,0.0,0.0,1.0,1,single_drift,full,10
504459.1218559047,44602.34253374654,504459.1218559047,19.6,0.03266666666666666,446.2,0.0,0.0,246652.53407206398,21456.11810843437,246652.53407206398,9.4678403028357,0.0157797338380595,21.535087647836498,0.0,0.0,0.05,0.01,1,single_drift,none,10
113429.19812199015,99801.11099406982,113429.19812199015,259.1,0.43183333333333335,75.5,151.5,569.1,110989.6812327797,97678.95410140697,110989.6812327797,18.87564568432031,0.03145940947386718,11.612493272333896,20.616740770548578,12.461540835707275,0.05,0.01,1,single_drift,full,10
8.902978867698827e+24,1.651146589272317e+23,8.902978867698827e+24,1.0,0.0016666666666666666,570.6,0.0,0.0,5.418861605432287e+24,9.74377218455684e+22,5.418861605432287e+24,0.0,2.168404344971009e-19,5.76541412215983,0.0,0.0,0.05,0.05,1,single_drift,none,10
113429.19812199015,99801.11099406982,113429.19812199015,259.1,0.43183333333333335,75.5,151.5,569.1,110989.6812327797,97678.95410140697,110989.6812327797,18.87564568432031,0.03145940947386718,11.612493272333896,20.616740770548578,12.461540835707275,0.05,0.05,1,single_drift,full,10
1.1255657257048759e+48,1.1105218993925451e+46,1.1255657257048759e+48,1.0,0.0016666666666666666,575.2,0.0,0.0,1.0164939728846326e+48,9.818489957292774e+45,1.0164939728846326e+48,0.0,2.168404344971009e-19,4.331281565541543,0.0,0.0,0.05,0.1,1,single_drift,none,10
113429.19812199015,99801.11099406982,113429.19812199015,259.1,0.43183333333333335,75.5,151.5,569.1,110989.6812327797,97678.95410140697,110989.6812327797,18.87564568432031,0.03145940947386718,11.612493272333896,20.616740770548578,12.461540835707275,0.05,0.1,1,single_drift,full,10
2.4970451133507453e+91,1.387521058618736e+89,2.4970451133507453e+91,1.0,0.0016666666666666666,574.5,0.0,0.0,3.44530362791616e+91,1.886655339342829e+89,3.44530362791616e+91,0.0,2.168404344971009e-19,3.8535697735995385,0.0,0.0,0.05,0.2,1,single_drift,none,10
113429.19812199015,99801.11099406982,113429.19812199015,259.1,0.43183333333333335,75.5,151.5,569.1,110989.6812327797,97678.95410140697,110989.6812327797,18.87564568432031,0.03145940947386718,11.612493272333896,20.616740770548578,12.461540835707275,0.05,0.2,1,single_drift,full,10
2.2127087491915857e+131,9.144124733751177e+128,2.2127087491915857e+131,1.0,0.0016666666666666666,573.3,0.0,0.0,3.572163955526834e+131,1.4606292019249945e+129,3.572163955526834e+131,0.0,2.168404344971009e-19,3.7696153649941526,0.0,0.0,0.05,0.3,1,single_drift,none,10
113429.19812199015,99801.11099406982,113429.19812199015,259.1,0.43183333333333335,75.5,151.5,569.1,110989.6812327797,97678.95410140697,110989.6812327797,18.87564568432031,0.03145940947386718,11.612493272333896,20.616740770548578,12.461540835707275,0.05,0.3,1,single_drift,full,10
6.3773683611855255e+202,1.9232757565989297e+200,6.3773683611855255e+202,1.0,0.0016666666666666666,572.0,0.0,0.0,inf,inf,inf,0.0,2.168404344971009e-19,4.33589667773576,0.0,0.0,0.05,0.5,1,single_drift,none,10
113429.19812199015,99801.11099406982,113429.19812199015,259.1,0.43183333333333335,75.5,151.5,569.1,110989.6812327797,97678.95410140697,110989.6812327797,18.87564568432031,0.03145940947386718,11.612493272333896,20.616740770548578,12.461540835707275,0.05,0.5,1,single_drift,full,10
2.068626791893474e+265,5.28399256463391e+262,2.068626791893474e+265,1.0,0.0016666666666666666,571.3,0.0,0.0,inf,inf,inf,0.0,2.168404344971009e-19,4.1000000000000005,0.0,0.0,0.05,0.7,1,single_drift,none,10
113429.19812199015,99801.11099406982,113429.19812199015,259.1,0.43183333333333335,75.5,151.5,569.1,110989.6812327797,97678.95410140697,110989.6812327797,18.87564568432031,0.03145940947386718,11.612493272333896,20.616740770548578,12.461540835707275,0.05,0.7,1,single_drift,full,10
inf,inf,inf,1.0,0.0016666666666666666,511.9,0.0,0.0,,,,0.0,2.168404344971009e-19,0.7,0.0,0.0,0.05,1.0,1,single_drift,none,10
113429.19812199015,99801.11099406982,113429.19812199015,259.1,0.43183333333333335,75.5,151.5,569.1,110989.6812327797,97678.95410140697,110989.6812327797,18.87564568432031,0.03145940947386718,11.612493272333896,20.616740770548578,12.461540835707275,0.05,1.0,1,single_drift,full,10
251567.62617959274,23551.612357739144,251567.62617959274,22.2,0.037,418.1,0.0,0.0,117969.83151326836,10840.91591671677,117969.83151326836,11.142710621747295,0.018571184369578827,20.48633691024337,0.0,0.0,0.1,0.01,1,single_drift,none,10
55319.37650159826,50143.201464312806,55320.330895815896,253.1,0.4218333333333334,66.5,142.5,574.6,71440.05976007441,65548.90391002467,71441.41031338788,12.061923561356206,0.020103205935593685,7.774959806970066,28.876461001999537,9.210863151735563,0.1,0.01,1,single_drift,full,10
3.114155485576736e+23,6.182006522811837e+21,3.114155485576736e+23,1.0,0.0016666666666666666,554.0,0.0,0.0,2.230990400005532e+23,4.6637635515829217e+21,2.230990400005532e+23,0.0,2.168404344971009e-19,5.531726674375733,0.0,0.0,0.1,0.05,1,single_drift,none,10
55319.37650159826,50143.201464312806,55320.330895815896,253.1,0.4218333333333334,66.5,142.5,574.6,71440.05976007441,65548.90391002467,71441.41031338788,12.061923561356206,0.020103205935593685,7.774959806970066,28.876461001999537,9.210863151735563,0.1,0.05,1,single_drift,full,10
1.7334981491512423e+45,1.9168780300394023e+43,1.7334981491512423e+45,1.0,0.0016666666666666666,553.5,0.0,0.0,2.0816905923602584e+45,2.46354916223914e+43,2.0816905923602584e+45,0.0,2.168404344971009e-19,5.5362442142665635,0.0,0.0,0.1,0.1,1,single_drift,none,10
55319.37650159826,50143.201464312806,55320.330895815896,253.1,0.4218333333333334,66.5,142.5,574.6,71440.05976007441,65548.90391002467,71441.41031338788,12.061923561356206,0.020103205935593685,7.774959806970066,28.876461001999537,9.210863151735563,0.1,0.1,1,single_drift,full,10
1.252108015258707e+86,8.322488358230348e+83,1.252108015258707e+86,1.0,0.0016666666666666666,546.0,0.0,0.0,2.2412036589929274e+86,1.5498940490199289e+84,2.2412036589929274e+86,0.0,2.168404344971009e-19,5.709640969448079,0.0,0.0,0.1,0.2,1,single_drift,none,10
55319.37650159826,50143.201464312806,55320.330895815896,253.1,0.4218333333333334,66.5,142.5,574.6,71440.05976007441,65548.90391002467,71441.41031338788,12.061923561356206,0.020103205935593685,7.774959806970066,28.876461001999537,9.210863151735563,0.1,0.2,1,single_drift,full,10
5.674203424300564e+123,2.846450927405776e+121,5.674203424300564e+123,1.0,0.0016666666666666666,542.2,0.0,0.0,1.1433713957988086e+124,5.897052543053414e+121,1.1433713957988086e+124,0.0,2.168404344971009e-19,6.161168720299745,0.0,0.0,0.1,0.3,1,single_drift,none,10
55319.37650159826,50143.201464312806,55320.330895815896,253.1,0.4218333333333334,66.5,142.5,574.6,71440.05976007441,65548.90391002467,71441.41031338788,12.061923561356206,0.020103205935593685,7.774959806970066,28.876461001999537,9.210863151735563,0.1,0.3,1,single_drift,full,10
1.2276558433768181e+191,4.3849129144469735e+188,1.2276558433768181e+191,1.0,0.0016666666666666666,539.1,0.0,0.0,inf,inf,inf,0.0,2.168404344971009e-19,5.85576638878294,0.0,0.0,0.1,0.5,1,single_drift,none,10
55319.37650159826,50143.201464312806,55320.330895815896,253.1,0.4218333333333334,66.5,142.5,574.6,71440.05976007441,65548.90391002467,71441.41031338788,12.061923561356206,0.020103205935593685,7.774959806970066,28.876461001999537,9.210863151735563,0.1,0.5,1,single_drift,full,10
9.705263907453026e+249,2.826891250645257e+247,9.705263907453026e+249,1.0,0.0016666666666666666,537.9,0.0,0.0,inf,inf,inf,0.0,2.168404344971009e-19,5.699999999999999,0.0,0.0,0.1,0.7,1,single_drift,none,10
55319.37650159826,50143.201464312806,55320.330895815896,253.1,0.4218333333333334,66.5,142.5,574.6,71440.05976007441,65548.90391002467,71441.41031338788,12.061923561356206,0.020103205935593685,7.774959806970066,28.876461001999537,9.210863151735563,0.1,0.7,1,single_drift,full,10
inf,inf,inf,1.0,0.0016666666666666666,513.6,0.0,0.0,,,,0.0,2.168404344971009e-19,1.8000000000000003,0.0,0.0,0.1,1.0,1,single_drift,none,10
55319.37650159826,50143.201464312806,55320.330895815896,253.1,0.4218333333333334,66.5,142.5,574.6,71440.05976007441,65548.90391002467,71441.41031338788,12.061923561356206,0.020103205935593685,7.774959806970066,28.876461001999537,9.210863151735563,0.1,1.0,1,single_drift,full,10
90772.62119719994,9353.695694392873,90777.06471123082,29.2,0.048666666666666664,377.5,0.0,0.0,46488.410494630436,4749.214755524613,46492.895257752076,15.477725931156682,0.025796209885261136,27.36512378923216,0.0,0.0,0.2,0.01,1,single_drift,none,10
20976.821538028627,18729.69635411638,20976.821538028627,264.5,0.4408333333333333,68.3,141.4,578.9,48052.525066586015,44336.79032480882,48052.525066586015,12.41168803990819,0.02068614673318031,9.055937278934742,21.16695537860842,7.687002016391045,0.2,0.01,1,single_drift,full,10
2.1905908110946056e+21,4.839291587308844e+19,2.1905908110972124e+21,1.2,0.002,524.7,0.0,0.0,1.5607257384006228e+21,3.334743923035386e+19,1.5607257384022264e+21,0.6000000000000001,0.0009999999999999998,8.978307190111062,0.0,0.0,0.2,0.05,1,single_drift,none,10
20976.821538028627,18729.69635411638,20976.821538028627,264.5,0.4408333333333333,68.3,141.4,578.9,48052.525066586015,44336.79032480882,48052.525066586015,12.41168803990819,0.02068614673318031,9.055937278934742,21.16695537860842,7.687002016391045,0.2,0.05,1,single_drift,full,10
1.1140171075832892e+41,1.3337776714542705e+39,1.1140171075832892e+41,1.0,0.0016666666666666666,523.6,0.0,0.0,9.681926839284877e+40,1.116851175373925e+39,9.681926839284877e+40,0.0,2.168404344971009e-19,8.82269800004511,0.0,0.0,0.2,0.1,1,single_drift,none,10
20976.821538028627,18729.69635411638,20976.821538028627,264.5,0.4408333333333333,68.3,141.4,578.9,48052.525066586015,44336.79032480882,48052.525066586015,12.41168803990819,0.02068614673318031,9.055937278934742,21.16695537860842,7.687002016391045,0.2,0.1,1,single_drift,full,10
1.0815330192478693e+78,7.376783345974211e+75,1.0815330192478693e+78,1.0,0.0016666666666666666,506.3,0.0,0.0,1.398393572622395e+78,9.66142912135998e+75,1.398393572622395e+78,0.0,2.168404344971009e-19,7.950471684120383,0.0,0.0,0.2,0.2,1,single_drift,none,10
20976.821538028627,18729.69635411638,20976.821538028627,264.5,0.4408333333333333,68.3,141.4,578.9,48052.525066586015,44336.79032480882,48052.525066586015,12.41168803990819,0.02068614673318031,9.055937278934742,21.16695537860842,7.687002016391045,0.2,0.2,1,single_drift,full,10
1.4865785238288676e+112,7.607164325254246e+109,1.4865785238288676e+112,1.0,0.0016666666666666666,498.7,0.0,0.0,2.767800341347903e+112,1.4626184903348946e+110,2.767800341347903e+112,0.0,2.168404344971009e-19,8.98943824718764,0.0,0.0,0.2,0.3,1,single_drift,none,10
20976.821538028627,18729.69635411638,20976.821538028627,264.5,0.4408333333333333,68.3,141.4,578.9,48052.525066586015,44336.79032480882,48052.525066586015,12.41168803990819,0.02068614673318031,9.055937278934742,21.16695537860842,7.687002016391045,0.2,0.3,1,single_drift,full,10
2.541246091123758e+173,9.535063231743943e+170,2.541246091123758e+173,1.0,0.0016666666666666666,492.4,0.0,0.0,inf,inf,inf,0.0,2.168404344971009e-19,9.36162379077476,0.0,0.0,0.2,0.5,1,single_drift,none,10
20976.821538028627,18729.69635411638,20976.821538028627,264.5,0.4408333333333333,68.3,141.4,578.9,48052.525066586015,44336.79032480882,48052.525066586015,12.41168803990819,0.02068614673318031,9.055937278934742,21.16695537860842,7.687002016391045,0.2,0.5,1,single_drift,full,10
1.0801989798583957e+227,3.381693905082772e+224,1.0801989798583957e+227,1.0,0.0016666666666666666,489.5,0.0,0.0,inf,inf,inf,0.0,2.168404344971009e-19,8.628441342444185,0.0,0.0,0.2,0.7,1,single_drift,none,10
20976.821538028627,18729.69635411638,20976.821538028627,264.5,0.4408333333333333,68.3,141.4,578.9,48052.525066586015,44336.79032480882,48052.525066586015,12.41168803990819,0.02068614673318031,9.055937278934742,21.16695537860842,7.687002016391045,0.2,0.7,1,single_drift,full,10
4.653588720784849e+296,1.2287535793425661e+294,4.653588720784849e+296,1.0,0.0016666666666666666,488.0,0.0,0.0,inf,inf,inf,0.0,2.168404344971009e-19,8.637129152675673,0.0,0.0,0.2,1.0,1,single_drift,none,10
20976.821538028627,18729.69635411638,20976.821538028627,264.5,0.4408333333333333,68.3,141.4,578.9,48052.525066586015,44336.79032480882,48052.525066586015,12.41168803990819,0.02068614673318031,9.055937278934742,21.16695537860842,7.687002016391045,0.2,1.0,1,single_drift,full,10
30228.499819807137,3675.6275862039743,30231.645259819634,35.2,0.058666666666666666,335.2,0.0,0.0,12665.285909778075,1502.8442172424998,12670.553978927448,13.607350954539243,0.022678918257565402,24.210741417808748,0.0,0.0,0.3,0.01,1,single_drift,none,10
3303.233567473203,2600.959287349415,3303.233567473203,262.7,0.4378333333333333,61.5,136.4,582.2,3651.6250630038257,3040.0144024262877,3651.6250630038257,5.814636704042653,0.009691061173404424,7.749193506423749,22.39285600364545,2.7856776554368237,0.3,0.01,1,single_drift,full,10
8.978139235875977e+18,2.4520689586013014e+17,8.97813923605904e+18,1.4,0.0023333333333333335,498.1,0.0,0.0,7.263722842037295e+18,2.0148011895275334e+17,7.263722842376358e+18,0.8,0.0013333333333333333,8.005623023850173,0.0,0.0,0.3,0.05,1,single_drift,none,10
3303.233567473203,2600.959287349415,3303.233567473203,262.7,0.4378333333333333,61.5,136.4,582.2,3651.6250630038257,3040.0144024262877,3651.6250630038257,5.814636704042653,0.009691061173404424,7.749193506423749,22.39285600364545,2.7856776554368237,0.3,0.05,1,single_drift,full,10
2.511007701946739e+36,3.737697103169433e+34,2.511007701946739e+36,1.0,0.0016666666666666666,498.3,0.0,0.0,3.601677068826813e+36,5.342899147356091e+34,3.601677068826813e+36,0.0,2.168404344971009e-19,7.014983962918233,0.0,0.0,0.3,0.1,1,single_drift,none,10
3303.233567473203,2600.959287349415,3303.233567473203,262.7,0.4378333333333333,61.5,136.4,582.2,3651.6250630038257,3040.0144024262877,3651.6250630038257,5.814636704042653,0.009691061173404424,7.749193506423749,22.39285600364545,2.7856776554368237,0.3,0.1,1,single_drift,full,10
1.9703278493232467e+69,1.6609644850158483e+67,1.9703278493232467e+69,1.0,0.0016666666666666666,468.6,0.0,0.0,4.1796695096603655e+69,3.482910647595025e+67,4.1796695096603655e+69,0.0,2.168404344971009e-19,7.592101158440922,0.0,0.0,0.3,0.2,1,single_drift,none,10
3303.233567473203,2600.959287349415,3303.233567473203,262.7,0.4378333333333333,61.5,136.4,582.2,3651.6250630038257,3040.0144024262877,3651.6250630038257,5.814636704042653,0.009691061173404424,7.749193506423749,22.39285600364545,2.7856776554368237,0.3,0.2,1,single_drift,full,10
4.300383908182617e+99,2.7563921821565156e+97,4.300383908182617e+99,1.0,0.0016666666666666666,455.5,0.0,0.0,1.0258910409962853e+100,6.512307740576591e+97,1.0258910409962853e+100,0.0,2.168404344971009e-19,5.643580423808985,0.0,0.0,0.3,0.3,1,single_drift,none,10
3303.233567473203,2600.959287349415,3303.233567473203,262.7,0.4378333333333333,61.5,136.4,582.2,3651.6250630038257,3040.0144024262877,3651.6250630038257,5.814636704042653,0.009691061173404424,7.749193506423749,22.39285600364545,2.7856776554368237,0.3,0.3,1,single_drift,full,10
7.731615069399813e+153,3.79107896304573e+151,7.731615069399813e+153,1.0,0.0016666666666666666,445.0,0.0,0.0,inf,1.0028004314559784e+152,inf,0.0,2.168404344971009e-19,4.898979485566356,0.0,0.0,0.3,0.5,1,single_drift,none,10
3303.233567473203,2600.959287349415,3303.233567473203,262.7,0.4378333333333333,61.5,136.4,582.2,3651.6250630038257,3040.0144024262877,3651.6250630038257,5.814636704042653,0.009691061173404424,7.749193506423749,22.39285600364545,2.7856776554368237,0.3,0.5,1,single_drift,full,10
2.248546225641492e+201,9.70612598766517e+198,2.248546225641492e+201,1.0,0.0016666666666666666,439.9,0.0,0.0,inf,inf,inf,0.0,2.168404344971009e-19,4.323193264243457,0.0,0.0,0.3,0.7,1,single_drift,none,10
3303.233567473203,2600.959287349415,3303.233567473203,262.7,0.4378333333333333,61.5,136.4,582.2,3651.6250630038257,3040.0144024262877,3651.6250630038257,5.814636704042653,0.009691061173404424,7.749193506423749,22.39285600364545,2.7856776554368237,0.3,0.7,1,single_drift,full,10
1.0085057924784691e+263,3.956878841839529e+260,1.0085057924784691e+263,1.0,0.0016666666666666666,436.5,0.0,0.0,inf,inf,inf,0.0,2.168404344971009e-19,4.4328320518603,0.0,0.0,0.3,1.0,1,single_drift,none,10
3303.233567473203,2600.959287349415,3303.233567473203,262.7,0.4378333333333333,61.5,136.4,582.2,3651.6250630038257,3040.0144024262877,3651.6250630038257,5.814636704042653,0.009691061173404424,7.749193506423749,22.39285600364545,2.7856776554368237,0.3,1.0,1,single_drift,full,10
11605.016584735222,1532.8386861928893,11606.059912296047,43.2,0.072,286.0,0.0,0.0,7177.401217867774,908.5116880251984,7178.08014278292,17.0985379491932,0.028497563248655336,36.46093800219627,0.0,0.0,0.4,0.01,1,single_drift,none,10
2699.518657196809,2063.481531889457,2702.3557247095896,262.3,0.4371666666666667,64.0,141.7,581.1,2818.8078018181736,2197.345115168453,2817.025403024611,10.04041831797859,0.01673403052996431,7.6681158050723255,37.13771667725414,3.672873534441391,0.4,0.01,1,single_drift,full,10
1.1684614396113813e+17,3079203249226680.5,1.1684614396800563e+17,1.6,0.002666666666666667,467.7,0.0,0.0,1.6622389704701418e+17,4443202262276324.0,1.662238970444885e+17,0.9165151389911679,0.0015275252316519466,16.81695572926325,0.0,0.0,0.4,0.05,1,single_drift,none,10
2699.518657196809,2063.481531889457,2702.3557247095896,262.3,0.4371666666666667,64.0,141.7,581.1,2818.8078018181736,2197.345115168453,2817.025403024611,10.04041831797859,0.01673403052996431,7.6681158050723255,37.13771667725414,3.672873534441391,0.4,0.05,1,single_drift,full,10
7.083623858540654e+32,9.484740306414579e+30,7.083623858540654e+32,1.2,0.002,482.7,0.0,0.0,1.3096796151583175e+33,1.7749129758254609e+31,1.3096796151583175e+33,0.6000000000000001,0.0009999999999999998,11.009541316512692,0.0,0.0,0.4,0.1,1,single_drift,none,10
2699.518657196809,2063.481531889457,2702.3557247095896,262.3,0.4371666666666667,64.0,141.7,581.1,2818.8078018181736,2197.345115168453,2817.025403024611,10.04041831797859,0.01673403052996431,7.6681158050723255,37.13771667725414,3.672873534441391,0.4,0.1,1,single_drift,full,10
3.49958539695307e+62,2.462255206101568e+60,3.49958539695307e+62,1.2,0.002,436.3,0.0,0.0,7.256506317176449e+62,4.913278080249216e+60,7.256506317176449e+62,0.6000000000000001,0.0009999999999999998,12.649505919204909,0.0,0.0,0.4,0.2,1,single_drift,none,10
2699.518657196809,2063.481531889457,2702.3557247095896,262.3,0.4371666666666667,64.0,141.7,581.1,2818.8078018181736,2197.345115168453,2817.025403024611,10.04041831797859,0.01673403052996431,7.6681158050723255,37.13771667725414,3.672873534441391,0.4,0.2,1,single_drift,full,10
7.761750085181035e+89,3.9003691624635253e+87,7.761750085181035e+89,1.2,0.002,414.2,0.0,0.0,1.6999667670276884e+90,7.991737776519402e+87,1.6999667670276884e+90,0.6000000000000001,0.0009999999999999998,12.416118556135006,0.0,0.0,0.4,0.3,1,single_drift,none,10
2699.518657196809,2063.481531889457,2702.3557247095896,262.3,0.4371666666666667,64.0,141.7,581.1,2818.8078018181736,2197.345115168453,2817.025403024611,10.04041831797859,0.01673403052996431,7.6681158050723255,37.13771667725414,3.672873534441391,0.4,0.3,1,single_drift,full,10
5.8370016793478006e+138,2.0551416531221014e+136,5.8370016793478006e+138,1.2,0.002,398.8,0.0,0.0,1.3677744361031537e+139,4.4081112339917855e+136,1.3677744361031537e+139,0.6000000000000001,0.0009999999999999998,13.607350954539243,0.0,0.0,0.4,0.5,1,single_drift,none,10
2699.518657196809,2063.481531889457,2702.3557247095896,262.3,0.4371666666666667,64.0,141.7,581.1,2818.8078018181736,2197.345115168453,2817.025403024611,10.04041831797859,0.01673403052996431,7.6681158050723255,37.13771667725414,3.672873534441391,0.4,0.5,1,single_drift,full,10
3.19478410877409e+181,9.297984916049907e+178,3.19478410877409e+181,1.2,0.002,390.7,0.0,0.0,inf,inf,inf,0.6000000000000001,0.0009999999999999998,14.121260566960727,0.0,0.0,0.4,0.7,1,single_drift,none,10
2699.518657196809,2063.481531889457,2702.3557247095896,262.3,0.4371666666666667,64.0,141.7,581.1,2818.8078018181736,2197.345115168453,2817.025403024611,10.04041831797859,0.01673403052996431,7.6681158050723255,37.13771667725414,3.672873534441391,0.4,0.7,1,single_drift,full,10
1.0222212764326452e+237,2.5141178328027183e+234,1.0222212764326452e+237,1.0,0.0016666666666666666,386.1,0.0,0.0,inf,inf,inf,0.0,2.168404344971009e-19,14.152384958020326,0.0,0.0,0.4,1.0,1,single_drift,none,10
2699.518657196809,2063.481531889457,2702.3557247095896,262.3,0.4371666666666667,64.0,141.7,581.1,2818.8078018181736,2197.345115168453,2817.025403024611,10.04041831797859,0.01673403052996431,7.6681158050723255,37.13771667725414,3.672873534441391,0.4,1.0,1,single_drift,full,10
2475.617769641166,405.494466294732,2476.061524976505,70.0,0.11666666666666667,213.4,0.0,0.0,974.2504343965328,156.56714299085593,974.0094070749594,20.044949488586894,0.03340824914764482,19.92084335564135,0.0,0.0,0.5,0.01,1,single_drift,none,10
889.4434137844128,641.0507793125264,889.4586903395104,257.6,0.4293333333333333,60.9,136.4,580.4,938.7350905403713,809.7862183383868,938.77561713085,16.82973558912914,0.028049559315215234,7.422263805605403,27.914870588988943,5.44426303552648,0.5,0.01,1,single_drift,full,10
55218509743525.92,1876544657864.3862,55218510059110.234,3.4,0.005666666666666666,424.9,0.0,0.0,40881060905063.27,1348261608254.643,40881061220162.2,2.33238075793812,0.0038873012632302,11.978731151503483,0.0,0.0,0.5,0.05,1,single_drift,none,10
889.4434137844128,641.0507793125264,889.4586903395104,257.6,0.4293333333333333,60.9,136.4,580.4,938.7350905403713,809.7862183383868,938.77561713085,16.82973558912914,0.028049559315215234,7.422263805605403,27.914870588988943,5.44426303552648,0.5,0.05,1,single_drift,full,10
1.6394608906147083e+26,2.886401908551409e+24,1.6394608906147138e+26,1.6,0.002666666666666667,441.7,0.0,0.0,1.6650802223101816e+26,2.684628010881387e+24,1.6650802223101902e+26,0.9165151389911679,0.0015275252316519466,12.296747537458838,0.0,0.0,0.5,0.1,1,single_drift,none,10
889.4434137844128,641.0507793125264,889.4586903395104,257.6,0.4293333333333333,60.9,136.4,580.4,938.7350905403713,809.7862183383868,938.77561713085,16.82973558912914,0.028049559315215234,7.422263805605403,27.914870588988943,5.44426303552648,0.5,0.1,1,single_drift,full,10
3.9732250042105285e+49,3.654523354759242e+47,3.9732250042105285e+49,1.4,0.0023333333333333335,398.6,0.0,0.0,5.752569847017221e+49,4.90623020820944e+47,5.752569847017221e+49,0.8,0.0013333333333333333,11.689311356961968,0.0,0.0,0.5,0.2,1,single_drift,none,10
889.4434137844128,641.0507793125264,889.4586903395104,257.6,0.4293333333333333,60.9,136.4,580.4,938.7350905403713,809.7862183383868,938.77561713085,16.82973558912914,0.028049559315215234,7.422263805605403,27.914870588988943,5.44426303552648,0.5,0.2,1,single_drift,full,10
1.4996176644828842e+71,9.931342659221672e+68,1.4996176644828842e+71,1.0,0.0016666666666666666,367.7,0.0,0.0,2.642449680017673e+71,1.7076000821755272e+69,2.642449680017673e+71,0.0,2.168404344971009e-19,11.95031380341119,0.0,0.0,0.5,0.3,1,single_drift,none,10
889.4434137844128,641.0507793125264,889.4586903395104,257.6,0.4293333333333333,60.9,136.4,580.4,938.7350905403713,809.7862183383868,938.77561713085,16.82973558912914,0.028049559315215234,7.422263805605403,27.914870588988943,5.44426303552648,0.5,0.3,1,single_drift,full,10
7.096451469802151e+109,3.365035780243576e+107,7.096451469802151e+109,1.0,0.0016666666666666666,345.1,0.0,0.0,1.3880951282738249e+110,6.582128841255659e+107,1.3880951282738249e+110,0.0,2.168404344971009e-19,9.565040512198575,0.0,0.0,0.5,0.5,1,single_drift,none,10
889.4434137844128,641.0507793125264,889.4586903395104,257.6,0.4293333333333333,60.9,136.4,580.4,938.7350905403713,809.7862183383868,938.77561713085,16.82973558912914,0.028049559315215234,7.422263805605403,27.914870588988943,5.44426303552648,0.5,0.5,1,single_drift,full,10
5.211135789984112e+143,2.0344475502176842e+141,5.211135789984112e+143,1.0,0.0016666666666666666,335.2,0.0,0.0,1.0563753081603405e+144,4.059537436293008e+141,1.0563753081603405e+144,0.0,2.168404344971009e-19,8.71550342780037,0.0,0.0,0.5,0.7,1,single_drift,none,10
889.4434137844128,641.0507793125264,889.4586903395104,257.6,0.4293333333333333,60.9,136.4,580.4,938.7350905403713,809.7862183383868,938.77561713085,16.82973558912914,0.028049559315215234,7.422263805605403,27.914870588988943,5.44426303552648,0.5,0.7,1,single_drift,full,10
5.035645162477403e+187,1.6212621762863426e+185,5.035645162477403e+187,1.2,0.002,327.2,0.0,0.0,inf,inf,inf,0.6000000000000001,0.0009999999999999998,8.364209466530594,0.0,0.0,0.5,1.0,1,single_drift,none,10
889.4434137844128,641.0507793125264,889.4586903395104,257.6,0.4293333333333333,60.9,136.4,580.4,938.7350905403713,809.7862183383868,938.77561713085,16.82973558912914,0.028049559315215234,7.422263805605403,27.914870588988943,5.44426303552648,0.5,1.0,1,single_drift,full,10
947.5341793823533,190.0558858879708,947.9391074724772,99.0,0.16499999999999998,164.8,0.0,0.0,404.23916064558296,83.45551689523562,404.23381027840554,29.74558790812513,0.049575979846875215,24.032478024540044,0.0,0.0,0.6,0.01,1,single_drift,none,10
541.3826836727162,357.6514109979815,542.523051446941,262.1,0.4368333333333333,60.2,127.6,580.6,266.21870160730873,190.33180777214628,265.1108295278649,11.493041372935188,0.019155068954891972,6.64529909033446,27.594202289611488,5.332916650389353,0.6,0.01,1,single_drift,full,10
247887753307.51202,10020927517.062841,247887808932.5771,7.0,0.011666666666666667,400.8,0.0,0.0,149435287460.38474,6463008099.3552475,149435361969.27585,4.8166378315169185,0.008027729719194864,11.169601604354563,0.0,0.0,0.6,0.05,1,single_drift,none,10
541.3826836727162,357.6514109979815,542.523051446941,262.1,0.4368333333333333,60.2,127.6,580.6,266.21870160730873,190.33180777214628,265.1108295278649,11.493041372935188,0.019155068954891972,6.64529909033446,27.594202289611488,5.332916650389353,0.6,0.05,1,single_drift,full,10
3.2815454145475673e+21,7.395778846641027e+19,3.281545414558698e+21,5.0,0.008333333333333333,418.2,0.0,0.0,3.1061084096551426e+21,7.67420346980157e+19,3.106108409668537e+21,2.9664793948382653,0.004944132324730442,10.077698149875298,0.0,0.0,0.6,0.1,1,single_drift,none,10
541.3826836727162,357.6514109979815,542.523051446941,262.1,0.4368333333333333,60.2,127.6,580.6,266.21870160730873,190.33180777214628,265.1108295278649,11.493041372935188,0.019155068954891972,6.64529909033446,27.594202289611488,5.332916650389353,0.6,0.1,1,single_drift,full,10
3.066186632942598e+40,3.996311484081105e+38,3.066186632942598e+40,3.0,0.004999999999999999,391.1,0.0,0.0,4.537409822769249e+40,5.6768871894764946e+38,4.537409822769249e+40,2.9664793948382653,0.004944132324730442,6.363175307973213,0.0,0.0,0.6,0.2,1,single_drift,none,10
541.3826836727162,357.6514109979815,542.523051446941,262.1,0.4368333333333333,60.2,127.6,580.6,266.21870160730873,190.33180777214628,265.1108295278649,11.493041372935188,0.019155068954891972,6.64529909033446,27.594202289611488,5.332916650389353,0.6,0.2,1,single_drift,full,10
9.939632252203389e+57,8.882242650792747e+55,9.939632252203389e+57,2.8,0.004666666666666666,348.3,0.0,0.0,1.9689684555922226e+58,1.531322844399095e+56,1.9689684555922226e+58,2.4413111231467406,0.004068851871911234,6.181423784210237,0.0,0.0,0.6,0.3,1,single_drift,none,10
541.3826836727162,357.6514109979815,542.523051446941,262.1,0.4368333333333333,60.2,127.6,580.6,266.21870160730873,190.33180777214628,265.1108295278649,11.493041372935188,0.019155068954891972,6.64529909033446,27.594202289611488,5.332916650389353,0.6,0.3,1,single_drift,full,10
2.5336267078251883e+89,1.3242645595001875e+87,2.5336267078251883e+89,2.2,0.003666666666666666,310.5,0.0,0.0,6.65946235158823e+89,3.1169160043721403e+87,6.65946235158823e+89,1.32664991614216,0.0022110831935702666,6.830080526611674,0.0,0.0,0.6,0.5,1,single_drift,none,10
541.3826836727162,357.6514109979815,542.523051446941,262.1,0.4368333333333333,60.2,127.6,580.6,266.21870160730873,190.33180777214628,265.1108295278649,11.493041372935188,0.019155068954891972,6.64529909033446,27.594202289611488,5.332916650389353,0.6,0.5,1,single_drift,full,10
9.043498125554226e+116,3.3668869270030716e+114,9.043498125554226e+116,2.0,0.0033333333333333327,293.5,0.0,0.0,2.600926352547805e+117,9.210946052643368e+114,2.600926352547805e+117,1.3416407864998738,0.00223606797749979,8.440971508067067,0.0,0.0,0.6,0.7,1,single_drift,none,10
541.3826836727162,357.6514109979815,542.523051446941,262.1,0.4368333333333333,60.2,127.6,580.6,266.21870160730873,190.33180777214628,265.1108295278649,11.493041372935188,0.019155068954891972,6.64529909033446,27.594202289611488,5.332916650389353,0.6,0.7,1,single_drift,full,10
6.275759729459767e+152,1.742511987786562e+150,6.275759729459767e+152,2.2,0.003666666666666666,281.7,0.0,0.0,1.8664749559993658e+153,5.115847646275273e+150,1.8664749559993658e+153,1.6,0.0026666666666666666,7.510659092250161,0.0,0.0,0.6,1.0,1,single_drift,none,10
541.3826836727162,357.6514109979815,542.523051446941,262.1,0.4368333333333333,60.2,127.6,580.6,266.21870160730873,190.33180777214628,265.1108295278649,11.493041372935188,0.019155068954891972,6.64529909033446,27.594202289611488,5.332916650389353,0.6,1.0,1,single_drift,full,10
691942.2122583542,58529.52806477035,691942.2122583542,20.0,0.03333333333333334,457.4,0.0,0.0,269508.07458154636,22793.333389223884,269508.07458154636,7.962411694957753,0.013270686158262922,17.951044537853498,0.0,0.0,0.0,0.01,2,double_drift,none,10
20733641377.70267,1753744748.0922253,20733641377.70267,1.0,0.0016666666666666666,599.0,0.0,0.0,2117787850.1611261,179132549.2644881,2117787850.1611261,0.0,2.168404344971009e-19,0.0,0.0,0.0,0.0,0.01,2,double_drift,full,10
1.1352765881157543e+26,2.0351909567440982e+24,1.1352765881157543e+26,1.0,0.0016666666666666666,585.3,0.0,0.0,3.969598821030872e+25,7.116232032823574e+23,3.969598821030872e+25,0.0,2.168404344971009e-19,3.2264531609803355,0.0,0.0,0.0,0.05,2,double_drift,none,10
20733641377.70267,1753744748.0922253,20733641377.70267,1.0,0.0016666666666666666,599.0,0.0,0.0,2117787850.1611261,179132549.2644881,2117787850.1611261,0.0,2.168404344971009e-19,0.0,0.0,0.0,0.0,0.05,2,double_drift,full,10
1.8182487117946172e+50,1.7460959851361007e+48,1.8182487117946172e+50,1.0,0.0016666666666666666,594.8,0.0,0.0,6.435712906342613e+49,6.180327473551239e+47,6.435712906342613e+49,0.0,2.168404344971009e-19,1.4696938456699067,0.0,0.0,0.0,0.1,2,double_drift,none,10
20733641377.70267,1753744748.0922253,20733641377.70267,1.0,0.0016666666666666666,599.0,0.0,0.0,2117787850.1611261,179132549.2644881,2117787850.1611261,0.0,2.168404344971009e-19,0.0,0.0,0.0,0.0,0.1,2,double_drift,full,10
3.4127144529188317e+95,1.8614806106829992e+93,3.4127144529188317e+95,1.0,0.0016666666666666666,597.8,0.0,0.0,1.1811726713819356e+95,6.442760025719648e+92,1.1811726713819356e+95,0.0,2.168404344971009e-19,1.16619037896906,0.0,0.0,0.0,0.2,2,double_drift,none,10
20733641377.70267,1753744748.0922253,20733641377.70267,1.0,0.0016666666666666666,599.0,0.0,0.0,2117787850.1611261,179132549.2644881,2117787850.1611261,0.0,2.168404344971009e-19,0.0,0.0,0.0,0.0,0.2,2,double_drift,full,10
1.5231720950694309e+137,6.217779808375212e+134,1.5231720950694309e+137,1.0,0.0016666666666666666,598.6,0.0,0.0,5.154505554007933e+136,2.104133909727876e+134,5.154505554007933e+136,0.0,2.168404344971009e-19,0.48989794855663565,0.0,0.0,0.0,0.3,2,double_drift,none,10
20733641377.70267,1753744748.0922253,20733641377.70267,1.0,0.0016666666666666666,599.0,0.0,0.0,2117787850.1611261,179132549.2644881,2117787850.1611261,0.0,2.168404344971009e-19,0.0,0.0,0.0,0.0,0.3,2,double_drift,full,10
4.442494687415077e+211,1.3327484062245228e+209,4.442494687415077e+211,1.0,0.0016666666666666666,599.0,0.0,0.0,inf,inf,inf,0.0,2.168404344971009e-19,0.0,0.0,0.0,0.0,0.5,2,double_drift,none,10
20733641377.70267,1753744748.0922253,20733641377.70267,1.0,0.0016666666666666666,599.0,0.0,0.0,2117787850.1611261,179132549.2644881,2117787850.1611261,0.0,2.168404344971009e-19,0.0,0.0,0.0,0.0,0.5,2,double_drift,full,10
6.037952776801671e+276,1.5387727976152406e+274,6.037952776801671e+276,1.0,0.0016666666666666666,599.0,0.0,0.0,inf,inf,inf,0.0,2.168404344971009e-19,0.0,0.0,0.0,0.0,0.7,2,double_drift,none,10
20733641377.70267,1753744748.0922253,20733641377.70267,1.0,0.0016666666666666666,599.0,0.0,0.0,2117787850.1611261,179132549.2644881,2117787850.1611261,0.0,2.168404344971009e-19,0.0,0.0,0.0,0.0,0.7,2,double_drift,full,10
inf,inf,inf,1.0,0.0016666666666666666,510.8,0.0,0.0,,,,0.0,2.168404344971009e-19,0.4,0.0,0.0,0.0,1.0,2,double_drift,none,10
20733641377.70267,1753744748.0922253,20733641377.70267,1.0,0.0016666666666666666,599.0,0.0,0.0,2117787850.1611261,179132549.2644881,2117787850.1611261,0.0,2.168404344971009e-19,0.0,0.0,0.0,0.0,1.0,2,double_drift,full,10
394924.8155604265,34981.500173928456,394924.8155604265,20.6,0.034333333333333334,433.9,0.0,0.0,145431.74471120958,12671.740873527824,145431.74471120958,4.963869458396342,0.008273115763993902,19.694923203709124,0.0,0.0,0.05,0.01,2,double_drift,none,10
304106.5775416618,268094.91578953475,304106.5775416618,245.4,0.409,93.0,157.9,550.0,168801.3205799207,145173.4729187224,168801.3205799207,19.703806738800502,0.032839677898000824,17.204650534085253,32.46675222439103,18.665476152512156,0.05,0.01,2,double_drift,full,10
6.67446108223507e+24,1.2495138932553784e+23,6.67446108223507e+24,1.0,0.0016666666666666666,570.6,0.0,0.0,2.5343080138963274e+24,4.728521431471023e+22,2.5343080138963274e+24,0.0,2.168404344971009e-19,5.043808085167396,0.0,0.0,0.05,0.05,2,double_drift,none,10
304106.5775416618,268094.91578953475,304106.5775416618,245.4,0.409,93.0,157.9,550.0,168801.3205799207,145173.4729187224,168801.3205799207,19.703806738800502,0.032839677898000824,17.204650534085253,32.46675222439103,18.665476152512156,0.05,0.05,2,double_drift,full,10
8.138925429846133e+47,8.177874810977861e+45,8.138925429846133e+47,1.0,0.0016666666666666666,575.0,0.0,0.0,6.042688697569112e+47,6.09439619540397e+45,6.042688697569112e+47,0.0,2.168404344971009e-19,5.019960159204453,0.0,0.0,0.05,0.1,2,double_drift,none,10
304106.5775416618,268094.91578953475,304106.5775416618,245.4,0.409,93.0,157.9,550.0,168801.3205799207,145173.4729187224,168801.3205799207,19.703806738800502,0.032839677898000824,17.204650534085253,32.46675222439103,18.665476152512156,0.05,0.1,2,double_drift,full,10
1.9200188531802004e+91,1.0914322303194086e+89,1.9200188531802004e+91,1.0,0.0016666666666666666,574.3,0.0,0.0,3.0776663713678557e+91,1.7480625690708607e+89,3.0776663713678557e+91,0.0,2.168404344971009e-19,4.001249804748511,0.0,0.0,0.05,0.2,2,double_drift,none,10
304106.5775416618,268094.91578953475,304106.5775416618,245.4,0.409,93.0,157.9,550.0,168801.3205799207,145173.4729187224,168801.3205799207,19.703806738800502,0.032839677898000824,17.204650534085253,32.46675222439103,18.665476152512156,0.05,0.2,2,double_drift,full,10
2.1192992222820467e+131,8.887896322113988e+128,2.1192992222820467e+131,1.0,0.0016666666666666666,572.9,0.0,0.0,4.4033242008336104e+131,1.844912623582399e+129,4.4033242008336104e+131,0.0,2.168404344971009e-19,4.158124577258358,0.0,0.0,0.05,0.3,2,double_drift,none,10
304106.5775416618,268094.91578953475,304106.5775416618,245.4,0.409,93.0,157.9,550.0,168801.3205799207,145173.4729187224,168801.3205799207,19.703806738800502,0.032839677898000824,17.204650534085253,32.46675222439103,18.665476152512156,0.05,0.3,2,double_drift,full,10
1.0418240527983265e+203,3.1534080411081456e+200,1.0418240527983265e+203,1.0,0.0016666666666666666,571.9,0.0,0.0,inf,inf,inf,0.0,2.168404344971009e-19,4.459820624195551,0.0,0.0,0.05,0.5,2,double_drift,none,10
304106.5775416618,268094.91578953475,304106.5775416618,245.4,0.409,93.0,157.9,550.0,168801.3205799207,145173.4729187224,168801.3205799207,19.703806738800502,0.032839677898000824,17.204650534085253,32.46675222439103,18.665476152512156,0.05,0.5,2,double_drift,full,10
5.55367405419208e+265,1.4195734297360525e+263,5.55367405419208e+265,1.0,0.0016666666666666666,570.8,0.0,0.0,inf,inf,inf,0.0,2.168404344971009e-19,4.190465367951393,0.0,0.0,0.05,0.7,2,double_drift,none,10
304106.5775416618,268094.91578953475,304106.5775416618,245.4,0.409,93.0,157.9,550.0,168801.3205799207,145173.4729187224,168801.3205799207,19.703806738800502,0.032839677898000824,17.204650534085253,32.46675222439103,18.665476152512156,0.05,0.7,2,double_drift,full,10
inf,inf,inf,1.0,0.0016666666666666666,511.7,0.0,0.0,,,,0.0,2.168404344971009e-19,1.1874342087037917,0.0,0.0,0.05,1.0,2,double_drift,none,10
304106.5775416618,268094.91578953475,304106.5775416618,245.4,0.409,93.0,157.9,550.0,168801.3205799207,145173.4729187224,168801.3205799207,19.703806738800502,0.032839677898000824,17.204650534085253,32.46675222439103,18.665476152512156,0.05,1.0,2,double_drift,full,10
194078.5881694543,18234.40122896337,194078.5881694543,27.2,0.04533333333333333,405.5,0.0,0.0,70639.51827240926,6654.816151005314,70639.51827240926,10.409610943738484,0.01734935157289747,20.160605149647665,0.0,0.0,0.1,0.01,2,double_drift,none,10
125572.36241876081,113233.95706511594,125628.0514828236,248.0,0.4133333333333333,72.5,139.6,568.5,146802.8718434911,132792.93964861272,146888.73921214408,18.76166303929372,0.03126943839882287,11.603878661895772,27.423347716863454,12.539936203984453,0.1,0.01,2,double_drift,full,10
2.4690461377922018e+23,4.870868241598898e+21,2.4690461377922018e+23,1.0,0.0016666666666666666,551.8,0.0,0.0,1.0562021083400474e+23,2.1424580616242243e+21,1.0562021083400474e+23,0.0,2.168404344971009e-19,3.4292856398964493,0.0,0.0,0.1,0.05,2,double_drift,none,10
125572.36241876081,113233.95706511594,125628.0514828236,248.0,0.4133333333333333,72.5,139.6,568.5,146802.8718434911,132792.93964861272,146888.73921214408,18.76166303929372,0.03126943839882287,11.603878661895772,27.423347716863454,12.539936203984453,0.1,0.05,2,double_drift,full,10
1.3425438934316259e+45,1.4377469580489532e+43,1.3425438934316259e+45,1.0,0.0016666666666666666,552.3,0.0,0.0,1.0049298515758168e+45,1.1459021253467473e+43,1.0049298515758168e+45,0.0,2.168404344971009e-19,4.026164427839479,0.0,0.0,0.1,0.1,2,double_drift,none,10
125572.36241876081,113233.95706511594,125628.0514828236,248.0,0.4133333333333333,72.5,139.6,568.5,146802.8718434911,132792.93964861272,146888.73921214408,18.76166303929372,0.03126943839882287,11.603878661895772,27.423347716863454,12.539936203984453,0.1,0.1,2,double_drift,full,10
7.987095994589401e+85,5.058176189465916e+83,7.987095994589401e+85,1.0,0.0016666666666666666,545.0,0.0,0.0,1.0401311862043406e+86,6.97868826474242e+83,1.0401311862043406e+86,0.0,2.168404344971009e-19,4.8166378315169185,0.0,0.0,0.1,0.2,2,double_drift,none,10
125572.36241876081,113233.95706511594,125628.0514828236,248.0,0.4133333333333333,72.5,139.6,568.5,146802.8718434911,132792.93964861272,146888.73921214408,18.76166303929372,0.03126943839882287,11.603878661895772,27.423347716863454,12.539936203984453,0.1,0.2,2,double_drift,full,10
3.1565534819335213e+123,1.530328850025958e+121,3.1565534819335213e+123,1.0,0.0016666666666666666,541.8,0.0,0.0,5.1406809955913857e+123,2.620099642548814e+121,5.1406809955913857e+123,0.0,2.168404344971009e-19,5.362835071116769,0.0,0.0,0.1,0.3,2,double_drift,none,10
125572.36241876081,113233.95706511594,125628.0514828236,248.0,0.4133333333333333,72.5,139.6,568.5,146802.8718434911,132792.93964861272,146888.73921214408,18.76166303929372,0.03126943839882287,11.603878661895772,27.423347716863454,12.539936203984453,0.1,0.3,2,double_drift,full,10
6.793514440321515e+190,2.4078810687091682e+188,6.793514440321515e+190,1.0,0.0016666666666666666,538.8,0.0,0.0,inf,inf,inf,0.0,2.168404344971009e-19,5.5641710972974225,0.0,0.0,0.1,0.5,2,double_drift,none,10
125572.36241876081,113233.95706511594,125628.0514828236,248.0,0.4133333333333333,72.5,139.6,568.5,146802.8718434911,132792.93964861272,146888.73921214408,18.76166303929372,0.03126943839882287,11.603878661895772,27.423347716863454,12.539936203984453,0.1,0.5,2,double_drift,full,10
6.494735832690759e+249,1.8923391888032355e+247,6.494735832690759e+249,1.0,0.0016666666666666666,537.7,0.0,0.0,inf,inf,inf,0.0,2.168404344971009e-19,5.550675634551167,0.0,0.0,0.1,0.7,2,double_drift,none,10
125572.36241876081,113233.95706511594,125628.0514828236,248.0,0.4133333333333333,72.5,139.6,568.5,146802.8718434911,132792.93964861272,146888.73921214408,18.76166303929372,0.03126943839882287,11.603878661895772,27.423347716863454,12.539936203984453,0.1,0.7,2,double_drift,full,10
inf,inf,inf,1.0,0.0016666666666666666,513.1,0.0,0.0,,,,0.0,2.168404344971009e-19,1.445683229480096,0.0,0.0,0.1,1.0,2,double_drift,none,10
125572.36241876081,113233.95706511594,125628.0514828236,248.0,0.4133333333333333,72.5,139.6,568.5,146802.8718434911,132792.93964861272,146888.73921214408,18.76166303929372,0.03126943839882287,11.603878661895772,27.423347716863454,12.539936203984453,0.1,1.0,2,double_drift,full,10
71882.02062568041,7357.94468654015,71882.21752771483,35.4,0.059,365.5,0.0,0.0,40836.0409019606,3926.1372987418104,40835.98311858538,12.289833196589774,0.020483055327649623,25.954768348031926,0.0,0.0,0.2,0.01,2,double_drift,none,10
42134.020517786084,38148.83710448193,42134.15581131492,262.6,0.4376666666666667,69.6,152.7,576.6,79138.98585149,73403.79137246922,79138.91704569836,15.396103403134184,0.02566017233855698,8.089499366462674,24.244793255460028,7.073895673530957,0.2,0.01,2,double_drift,full,10
2.108702133200185e+21,4.497931762067713e+19,2.1087021332003666e+21,1.4,0.0023333333333333335,522.7,0.0,0.0,2.569420572004293e+21,4.9894271816867275e+19,2.5694205720042406e+21,0.8,0.0013333333333333333,7.861933604400383,0.0,0.0,0.2,0.05,2,double_drift,none,10
42134.020517786084,38148.83710448193,42134.15581131492,262.6,0.4376666666666667,69.6,152.7,576.6,79138.98585149,73403.79137246922,79138.91704569836,15.396103403134184,0.02566017233855698,8.089499366462674,24.244793255460028,7.073895673530957,0.2,0.05,2,double_drift,full,10
1.5130003293244164e+41,1.6564750156438878e+39,1.5130003293244164e+41,1.0,0.0016666666666666666,524.3,0.0,0.0,2.7848495803677534e+41,2.708802477095378e+39,2.7848495803677534e+41,0.0,2.168404344971009e-19,6.403905058634146,0.0,0.0,0.2,0.1,2,double_drift,none,10
42134.020517786084,38148.83710448193,42134.15581131492,262.6,0.4376666666666667,69.6,152.7,576.6,79138.98585149,73403.79137246922,79138.91704569836,15.396103403134184,0.02566017233855698,8.089499366462674,24.244793255460028,7.073895673530957,0.2,0.1,2,double_drift,full,10
2.640289997112458e+78,1.5282281245181457e+76,2.640289997112458e+78,1.0,0.0016666666666666666,505.5,0.0,0.0,6.736455045850963e+78,3.656800853584564e+76,6.736455045850963e+78,0.0,2.168404344971009e-19,5.903388857258177,0.0,0.0,0.2,0.2,2,double_drift,none,10
42134.020517786084,38148.83710448193,42134.15581131492,262.6,0.4376666666666667,69.6,152.7,576.6,79138.98585149,73403.79137246922,79138.91704569836,15.396103403134184,0.02566017233855698,8.089499366462674,24.244793255460028,7.073895673530957,0.2,0.2,2,double_drift,full,10
5.288572032165003e+112,2.2114159445246805e+110,5.288572032165003e+112,1.0,0.0016666666666666666,497.9,0.0,0.0,1.4966336482736294e+113,6.093956450516753e+110,1.4966336482736294e+113,0.0,2.168404344971009e-19,8.466994744299774,0.0,0.0,0.2,0.3,2,double_drift,none,10
42134.020517786084,38148.83710448193,42134.15581131492,262.6,0.4376666666666667,69.6,152.7,576.6,79138.98585149,73403.79137246922,79138.91704569836,15.396103403134184,0.02566017233855698,8.089499366462674,24.244793255460028,7.073895673530957,0.2,0.3,2,double_drift,full,10
1.1674641458175746e+174,3.5153683508105393e+171,1.1674641458175746e+174,1.0,0.0016666666666666666,491.1,0.0,0.0,inf,inf,inf,0.0,2.168404344971009e-19,8.490583018850943,0.0,0.0,0.2,0.5,2,double_drift,none,10
42134.020517786084,38148.83710448193,42134.15581131492,262.6,0.4376666666666667,69.6,152.7,576.6,79138.98585149,73403.79137246922,79138.91704569836,15.396103403134184,0.02566017233855698,8.089499366462674,24.244793255460028,7.073895673530957,0.2,0.5,2,double_drift,full,10
5.219360561970999e+227,1.3310060277000099e+225,5.219360561970999e+227,1.0,0.0016666666666666666,489.0,0.0,0.0,inf,inf,inf,0.0,2.168404344971009e-19,8.330666239863412,0.0,0.0,0.2,0.7,2,double_drift,none,10
42134.020517786084,38148.83710448193,42134.15581131492,262.6,0.4376666666666667,69.6,152.7,576.6,79138.98585149,73403.79137246922,79138.91704569836,15.396103403134184,0.02566017233855698,8.089499366462674,24.244793255460028,7.073895673530957,0.2,0.7,2,double_drift,full,10
2.3893901110288653e+297,5.310094332412189e+294,2.3893901110288653e+297,1.0,0.0016666666666666666,487.2,0.0,0.0,inf,inf,inf,0.0,2.168404344971009e-19,9.83666610188635,0.0,0.0,0.2,1.0,2,double_drift,none,10
42134.020517786084,38148.83710448193,42134.15581131492,262.6,0.4376666666666667,69.6,152.7,576.6,79138.98585149,73403.79137246922,79138.91704569836,15.396103403134184,0.02566017233855698,8.089499366462674,24.244793255460028,7.073895673530957,0.2,1.0,2,double_drift,full,10
23078.335445264784,2834.226405137881,23081.237521540366,43.0,0.07166666666666667,322.0,0.0,0.0,10877.177060602391,1404.0511684046373,10877.662673429124,13.114877048604,0.021858128414340004,21.89977168830762,0.0,0.0,0.3,0.01,2,double_drift,none,10
3573.824328306401,2816.302141360474,3575.563367480851,257.1,0.4285,61.1,150.5,582.5,3727.211041229028,3076.87357917756,3727.7295506192518,7.475961476626267,0.012459935794377116,5.243090691567331,24.3608292141298,4.104875150354759,0.3,0.01,2,double_drift,full,10
6.193619625745586e+18,1.7148232069355014e+17,6.1936196260332e+18,1.8,0.003,495.0,0.0,0.0,5.322664451923741e+18,1.6143412064678378e+17,5.322664452229865e+18,1.32664991614216,0.0022110831935702666,7.402702209328699,0.0,0.0,0.3,0.05,2,double_drift,none,10
3573.824328306401,2816.302141360474,3575.563367480851,257.1,0.4285,61.1,150.5,582.5,3727.211041229028,3076.87357917756,3727.7295506192518,7.475961476626267,0.012459935794377116,5.243090691567331,24.3608292141298,4.104875150354759,0.3,0.05,2,double_drift,full,10
1.572484559453038e+36,2.4168308198910147e+34,1.572484559453038e+36,1.0,0.0016666666666666666,494.4,0.0,0.0,2.0812841608526256e+36,3.296351512665135e+34,2.0812841608526256e+36,0.0,2.168404344971009e-19,6.636264009214822,0.0,0.0,0.3,0.1,2,double_drift,none,10
3573.824328306401,2816.302141360474,3575.563367480851,257.1,0.4285,61.1,150.5,582.5,3727.211041229028,3076.87357917756,3727.7295506192518,7.475961476626267,0.012459935794377116,5.243090691567331,24.3608292141298,4.104875150354759,0.3,0.1,2,double_drift,full,10
8.870919663694061e+68,7.833308800786364e+66,8.870919663694061e+68,1.0,0.0016666666666666666,463.9,0.0,0.0,1.8714398978150587e+69,1.6572350598051237e+67,1.8714398978150587e+69,0.0,2.168404344971009e-19,7.7259303646874775,0.0,0.0,0.3,0.2,2,double_drift,none,10
3573.824328306401,2816.302141360474,3575.563367480851,257.1,0.4285,61.1,150.5,582.5,3727.211041229028,3076.87357917756,3727.7295506192518,7.475961476626267,0.012459935794377116,5.243090691567331,24.3608292141298,4.104875150354759,0.3,0.2,2,double_drift,full,10
1.5039572012649016e+99,1.0055027012760108e+97,1.5039572012649016e+99,1.0,0.0016666666666666666,452.0,0.0,0.0,3.9763554520540505e+99,2.6822340652748306e+97,3.9763554520540505e+99,0.0,2.168404344971009e-19,4.33589667773576,0.0,0.0,0.3,0.3,2,double_drift,none,10
3573.824328306401,2816.302141360474,3575.563367480851,257.1,0.4285,61.1,150.5,582.5,3727.211041229028,3076.87357917756,3727.7295506192518,7.475961476626267,0.012459935794377116,5.243090691567331,24.3608292141298,4.104875150354759,0.3,0.3,2,double_drift,full,10
1.931788134159988e+153,9.827651480658866e+150,1.931788134159988e+153,1.0,0.0016666666666666666,442.3,0.0,0.0,inf,2.907820739125398e+151,inf,0.0,2.168404344971009e-19,5.622277118748239,0.0,0.0,0.3,0.5,2,double_drift,none,10
3573.824328306401,2816.302141360474,3575.563367480851,257.1,0.4285,61.1,150.5,582.5,3727.211041229028,3076.87357917756,3727.7295506192518,7.475961476626267,0.012459935794377116,5.243090691567331,24.3608292141298,4.104875150354759,0.3,0.5,2,double_drift,full,10
4.0576985143624525e+200,1.8041481810501597e+198,4.0576985143624525e+200,1.0,0.0016666666666666666,438.7,0.0,0.0,inf,inf,inf,0.0,2.168404344971009e-19,5.292447448959697,0.0,0.0,0.3,0.7,2,double_drift,none,10
3573.824328306401,2816.302141360474,3575.563367480851,257.1,0.4285,61.1,150.5,582.5,3727.211041229028,3076.87357917756,3727.7295506192518,7.475961476626267,0.012459935794377116,5.243090691567331,24.3608292141298,4.104875150354759,0.3,0.7,2,double_drift,full,10
1.0708211971163006e+262,4.284505494117216e+259,1.0708211971163006e+262,1.0,0.0016666666666666666,435.6,0.0,0.0,inf,inf,inf,0.0,2.168404344971009e-19,5.6956123463592565,0.0,0.0,0.3,1.0,2,double_drift,none,10
3573.824328306401,2816.302141360474,3575.563367480851,257.1,0.4285,61.1,150.5,582.5,3727.211041229028,3076.87357917756,3727.7295506192518,7.475961476626267,0.012459935794377116,5.243090691567331,24.3608292141298,4.104875150354759,0.3,1.0,2,double_drift,full,10
9373.228586793712,1227.2364525821074,9374.411851969271,52.4,0.08733333333333333,269.4,0.0,0.0,8431.701165017981,996.4528872114553,8431.308569554341,16.590358645912392,0.027650597743187316,37.16503733349396,0.0,0.0,0.4,0.01,2,double_drift,none,10
3900.59277393965,3171.22231381416,3914.936292286185,258.5,0.43083333333333335,66.4,158.0,580.8,3783.661897030147,3266.417117296171,3797.9601929500122,11.438968484964018,0.019064947474940024,5.10294032886923,25.624207304812376,4.214261501141095,0.4,0.01,2,double_drift,full,10
1.2504877599972498e+17,3049098124060343.0,1.2504877600557235e+17,3.0,0.004999999999999999,467.6,0.0,0.0,2.3091537755039658e+17,5164591792424451.0,2.3091537754765536e+17,1.5491933384829668,0.0025819888974716113,16.396341055247664,0.0,0.0,0.4,0.05,2,double_drift,none,10
3900.59277393965,3171.22231381416,3914.936292286185,258.5,0.43083333333333335,66.4,158.0,580.8,3783.661897030147,3266.417117296171,3797.9601929500122,11.438968484964018,0.019064947474940024,5.10294032886923,25.624207304812376,4.214261501141095,0.4,0.05,2,double_drift,full,10
1.0802337550550344e+33,1.310001961288963e+31,1.0802337550550344e+33,1.2,0.002,479.5,0.0,0.0,2.4529828019164804e+33,2.7792782161838044e+31,2.4529828019164804e+33,0.6000000000000001,0.0009999999999999998,13.070960178961606,0.0,0.0,0.4,0.1,2,double_drift,none,10
3900.59277393965,3171.22231381416,3914.936292286185,258.5,0.43083333333333335,66.4,158.0,580.8,3783.661897030147,3266.417117296171,3797.9601929500122,11.438968484964018,0.019064947474940024,5.10294032886923,25.624207304812376,4.214261501141095,0.4,0.1,2,double_drift,full,10
7.800554624078271e+62,5.0634516949142024e+60,7.800554624078271e+62,1.2,0.002,432.0,0.0,0.0,1.9056294012286853e+63,1.1553226376819767e+61,1.9056294012286853e+63,0.6000000000000001,0.0009999999999999998,13.274034804836093,0.0,0.0,0.4,0.2,2,double_drift,none,10
3900.59277393965,3171.22231381416,3914.936292286185,258.5,0.43083333333333335,66.4,158.0,580.8,3783.661897030147,3266.417117296171,3797.9601929500122,11.438968484964018,0.019064947474940024,5.10294032886923,25.624207304812376,4.214261501141095,0.4,0.2,2,double_drift,full,10
2.1912608844222176e+90,1.0302919222962727e+88,2.1912608844222176e+90,1.2,0.002,413.1,0.0,0.0,5.478392449446426e+90,2.397128838285262e+88,5.478392449446426e+90,0.6000000000000001,0.0009999999999999998,13.765536676788159,0.0,0.0,0.4,0.3,2,double_drift,none,10
3900.59277393965,3171.22231381416,3914.936292286185,258.5,0.43083333333333335,66.4,158.0,580.8,3783.661897030147,3266.417117296171,3797.9601929500122,11.438968484964018,0.019064947474940024,5.10294032886923,25.624207304812376,4.214261501141095,0.4,0.3,2,double_drift,full,10
2.4689013181956313e+139,8.186217377014613e+136,2.4689013181956313e+139,1.2,0.002,399.1,0.0,0.0,6.447880781852344e+139,1.9916574297129718e+137,6.447880781852344e+139,0.6000000000000001,0.0009999999999999998,15.475464451834718,0.0,0.0,0.4,0.5,2,double_drift,none,10
3900.59277393965,3171.22231381416,3914.936292286185,258.5,0.43083333333333335,66.4,158.0,580.8,3783.661897030147,3266.417117296171,3797.9601929500122,11.438968484964018,0.019064947474940024,5.10294032886923,25.624207304812376,4.214261501141095,0.4,0.5,2,double_drift,full,10
1.9588179788317064e+182,5.369630359322961e+179,1.9588179788317064e+182,1.2,0.002,390.9,0.0,0.0,inf,inf,inf,0.6000000000000001,0.0009999999999999998,16.04026184324932,0.0,0.0,0.4,0.7,2,double_drift,none,10
3900.59277393965,3171.22231381416,3914.936292286185,258.5,0.43083333333333335,66.4,158.0,580.8,3783.661897030147,3266.417117296171,3797.9601929500122,11.438968484964018,0.019064947474940024,5.10294032886923,25.624207304812376,4.214261501141095,0.4,0.7,2,double_drift,full,10
9.94559336868897e+237,2.3144499723786712e+235,9.94559336868897e+237,1.0,0.0016666666666666666,386.6,0.0,0.0,inf,inf,inf,0.0,2.168404344971009e-19,15.913516267626084,0.0,0.0,0.4,1.0,2,double_drift,none,10
3900.59277393965,3171.22231381416,3914.936292286185,258.5,0.43083333333333335,66.4,158.0,580.8,3783.661897030147,3266.417117296171,3797.9601929500122,11.438968484964018,0.019064947474940024,5.10294032886923,25.624207304812376,4.214261501141095,0.4,1.0,2,double_drift,full,10
2154.9359709950895,354.38481718063935,2155.991104783632,83.6,0.13933333333333336,203.9,0.0,0.0,1130.7878273761128,183.80776097496533,1130.67811474362,19.412367192076292,0.032353945320127156,28.83210016630769,0.0,0.0,0.5,0.01,2,double_drift,none,10
1504.965296351907,1052.2063126003209,1517.3600146843837,250.3,0.4171666666666667,64.5,152.7,578.8,1226.1842716635254,844.7443705067997,1225.2807313424726,16.565325230734228,0.027608875384557047,10.716809226630843,23.207972767995056,5.74108003776293,0.5,0.01,2,double_drift,full,10
42559836435630.516,1526575568766.7563,42559837001312.39,3.2,0.005333333333333333,428.2,0.0,0.0,27535704981688.13,1144051407080.1052,27535704789042.63,3.1559467676119,0.005259911279353166,14.46236495183274,0.0,0.0,0.5,0.05,2,double_drift,none,10
1504.965296351907,1052.2063126003209,1517.3600146843837,250.3,0.4171666666666667,64.5,152.7,578.8,1226.1842716635254,844.7443705067997,1225.2807313424726,16.565325230734228,0.027608875384557047,10.716809226630843,23.207972767995056,5.74108003776293,0.5,0.05,2,double_drift,full,10
1.174119246833864e+26,2.2768992750065528e+24,1.1741192468338764e+26,1.8,0.003,444.6,0.0,0.0,1.0584720942828458e+26,2.147037994550112e+24,1.058472094282842e+26,1.32664991614216,0.0022110831935702666,10.855413396089528,0.0,0.0,0.5,0.1,2,double_drift,none,10
1504.965296351907,1052.2063126003209,1517.3600146843837,250.3,0.4171666666666667,64.5,152.7,578.8,1226.1842716635254,844.7443705067997,1225.2807313424726,16.565325230734228,0.027608875384557047,10.716809226630843,23.207972767995056,5.74108003776293,0.5,0.1,2,double_drift,full,10
1.9929883513414086e+49,2.1155042840554597e+47,1.9929883513414086e+49,1.0,0.0016666666666666666,399.9,0.0,0.0,2.4608884133101976e+49,2.731034756709339e+47,2.4608884133101976e+49,0.0,2.168404344971009e-19,8.34805366537614,0.0,0.0,0.5,0.2,2,double_drift,none,10
1504.965296351907,1052.2063126003209,1517.3600146843837,250.3,0.4171666666666667,64.5,152.7,578.8,1226.1842716635254,844.7443705067997,1225.2807313424726,16.565325230734228,0.027608875384557047,10.716809226630843,23.207972767995056,5.74108003776293,0.5,0.2,2,double_drift,full,10
4.496263206449013e+70,3.4536494297728284e+68,4.496263206449013e+70,1.2,0.002,367.3,0.0,0.0,6.464438023936552e+70,5.318022875714708e+68,6.464438023936552e+70,0.6000000000000001,0.0009999999999999998,7.746612162745725,0.0,0.0,0.5,0.3,2,double_drift,none,10
1504.965296351907,1052.2063126003209,1517.3600146843837,250.3,0.4171666666666667,64.5,152.7,578.8,1226.1842716635254,844.7443705067997,1225.2807313424726,16.565325230734228,0.027608875384557047,10.716809226630843,23.207972767995056,5.74108003776293,0.5,0.3,2,double_drift,full,10
6.438707687319478e+108,3.4017090493451745e+106,6.438707687319478e+108,1.2,0.002,344.9,0.0,0.0,1.085598297292658e+109,6.1231310999836474e+106,1.085598297292658e+109,0.6000000000000001,0.0009999999999999998,10.501904589168575,0.0,0.0,0.5,0.5,2,double_drift,none,10
1504.965296351907,1052.2063126003209,1517.3600146843837,250.3,0.4171666666666667,64.5,152.7,578.8,1226.1842716635254,844.7443705067997,1225.2807313424726,16.565325230734228,0.027608875384557047,10.716809226630843,23.207972767995056,5.74108003776293,0.5,0.5,2,double_drift,full,10
1.4637207205527028e+142,6.15362904171339e+139,1.4637207205527028e+142,1.2,0.002,335.3,0.0,0.0,2.672595128936585e+142,1.183291404576184e+140,2.672595128936585e+142,0.6000000000000001,0.0009999999999999998,8.832326986700616,0.0,0.0,0.5,0.7,2,double_drift,none,10
1504.965296351907,1052.2063126003209,1517.3600146843837,250.3,0.4171666666666667,64.5,152.7,578.8,1226.1842716635254,844.7443705067997,1225.2807313424726,16.565325230734228,0.027608875384557047,10.716809226630843,23.207972767995056,5.74108003776293,0.5,0.7,2,double_drift,full,10
2.876765267885059e+185,9.680418452245798e+182,2.876765267885059e+185,1.0,0.0016666666666666666,327.3,0.0,0.0,inf,inf,inf,0.0,2.168404344971009e-19,9.497894503520241,0.0,0.0,0.5,1.0,2,double_drift,none,10
1504.965296351907,1052.2063126003209,1517.3600146843837,250.3,0.4171666666666667,64.5,152.7,578.8,1226.1842716635254,844.7443705067997,1225.2807313424726,16.565325230734228,0.027608875384557047,10.716809226630843,23.207972767995056,5.74108003776293,0.5,1.0,2,double_drift,full,10
901.346435198082,174.33297282057015,901.9063312402068,105.2,0.1753333333333333,156.8,0.0,0.0,562.2946273876029,96.75421384878612,561.9535231081419,26.913936910084335,0.04485656151680723,25.810075552001006,0.0,0.0,0.6,0.01,2,double_drift,none,10
965.6324576285572,713.1962552870706,965.6324576285572,258.3,0.4305,61.4,131.2,581.6,740.2550342562747,626.8598477317195,740.2550342562747,13.107631364972086,0.021846052274953478,5.71314274283428,23.314373249135393,3.411744421846396,0.6,0.01,2,double_drift,full,10
276516199851.25366,10257834796.80267,276516241505.45105,8.0,0.013333333333333332,394.0,0.0,0.0,223468939814.65393,7301468617.055366,223468932625.63748,3.714835124201342,0.006191391873668904,14.580809305384937,0.0,0.0,0.6,0.05,2,double_drift,none,10
965.6324576285572,713.1962552870706,965.6324576285572,258.3,0.4305,61.4,131.2,581.6,740.2550342562747,626.8598477317195,740.2550342562747,13.107631364972086,0.021846052274953478,5.71314274283428,23.314373249135393,3.411744421846396,0.6,0.05,2,double_drift,full,10
4.265006214796067e+21,8.585420062480948e+19,4.265006214800029e+21,5.2,0.008666666666666666,412.3,0.0,0.0,4.782020248470489e+21,1.013747747981463e+20,4.782020248469348e+21,3.4,0.005666666666666666,12.984991336154213,0.0,0.0,0.6,0.1,2,double_drift,none,10
965.6324576285572,713.1962552870706,965.6324576285572,258.3,0.4305,61.4,131.2,581.6,740.2550342562747,626.8598477317195,740.2550342562747,13.107631364972086,0.021846052274953478,5.71314274283428,23.314373249135393,3.411744421846396,0.6,0.1,2,double_drift,full,10
5.409506618386517e+40,6.756160036272889e+38,5.409506618386517e+40,4.4,0.007333333333333332,385.7,0.0,0.0,9.745236038950045e+40,1.4431547069935036e+39,9.745236038950045e+40,2.835489375751565,0.004725815626252608,12.853404218338424,0.0,0.0,0.6,0.2,2,double_drift,none,10
965.6324576285572,713.1962552870706,965.6324576285572,258.3,0.4305,61.4,131.2,581.6,740.2550342562747,626.8598477317195,740.2550342562747,13.107631364972086,0.021846052274953478,5.71314274283428,23.314373249135393,3.411744421846396,0.6,0.2,2,double_drift,full,10
2.084685077417686e+58,2.0532992716488165e+56,2.084685077417686e+58,3.4,0.005666666666666665,346.9,0.0,0.0,4.630931430213635e+58,5.239574444540991e+56,4.630931430213635e+58,2.65329983228432,0.004422166387140533,11.835962149314266,0.0,0.0,0.6,0.3,2,double_drift,none,10
965.6324576285572,713.1962552870706,965.6324576285572,258.3,0.4305,61.4,131.2,581.6,740.2550342562747,626.8598477317195,740.2550342562747,13.107631364972086,0.021846052274953478,5.71314274283428,23.314373249135393,3.411744421846396,0.6,0.3,2,double_drift,full,10
5.441226176211645e+89,4.006255163708614e+87,5.441226176211645e+89,2.4,0.003999999999999999,310.9,0.0,0.0,1.4538756242207507e+90,1.1392969195515035e+88,1.4538756242207507e+90,1.562049935181331,0.0026034165586355513,13.837991183694257,0.0,0.0,0.6,0.5,2,double_drift,none,10
965.6324576285572,713.1962552870706,965.6324576285572,258.3,0.4305,61.4,131.2,581.6,740.2550342562747,626.8598477317195,740.2550342562747,13.107631364972086,0.021846052274953478,5.71314274283428,23.314373249135393,3.411744421846396,0.6,0.5,2,double_drift,full,10
1.5782779287455444e+117,9.44724289228694e+114,1.5782779287455444e+117,2.2,0.003666666666666666,293.4,0.0,0.0,4.515149214865349e+117,2.77295927043479e+115,4.515149214865349e+117,1.8330302779823358,0.003055050463303893,11.412274094149685,0.0,0.0,0.6,0.7,2,double_drift,none,10
965.6324576285572,713.1962552870706,965.6324576285572,258.3,0.4305,61.4,131.2,581.6,740.2550342562747,626.8598477317195,740.2550342562747,13.107631364972086,0.021846052274953478,5.71314274283428,23.314373249135393,3.411744421846396,0.6,0.7,2,double_drift,full,10
7.012818396236197e+152,3.310668562589763e+150,7.012818396236197e+152,1.6,0.002666666666666667,282.6,0.0,0.0,2.0739600028362008e+153,9.862219553149664e+150,2.0739600028362008e+153,0.9165151389911679,0.0015275252316519466,10.901376059929316,0.0,0.0,0.6,1.0,2,double_drift,none,10
965.6324576285572,713.1962552870706,965.6324576285572,258.3,0.4305,61.4,131.2,581.6,740.2550342562747,626.8598477317195,740.2550342562747,13.107631364972086,0.021846052274953478,5.71314274283428,23.314373249135393,3.411744421846396,0.6,1.0,2,double_drift,full,10
